,affix,mean,freq,check,instance
0,abs~,away from；not；离开，离去,21,,absent;abscission
1,ab~,away from；not；从，自；偏离，脱离或离开,94,,
2,acro~,表示“最高，顶点，开头”,4,,
3,ac~,ad-[用于c，k或q前],126,,
4,ad~,to；toward；abbr.公元（后）表示“向……”之义,107,,
5,after~,adv. 后来表示“在…后面”，“在…以后”,7,,
6,af~,表示动作的开始或结束；转为动词,39,,
7,ag~,转为动词,40,,
8,al~,缓和；总的,107,,
9,ambi~,two；二，双,9,,
10,amb~,周围；二者,17,,
11,amphi~,two；二，双,3,,
12,am~,to love；不；无,70,,
13,ana~,n. 言论集，语录表示相似,22,,
14,anci~,在前,2,,
15,andr~,男,0,,
16,ante~,ahead；n. 赌注vt. 下赌注在前；先前，早于,13,,
17,anti~,against；n. 反对者在前；与post相反；相反；抵抗,24,,
18,ant~,在前；相反表示“人”,53,,
19,an~,"无；非；缺乏表示""人""",153,,
20,apo~,远，远离,14,,
21,ap~,远，离，分离,93,,
22,arche~,主要的,3,,
23,archi~,原始，旧，原，第一，主要,4,,
24,arch~,chief；古代,15,,
25,arist~,最优越,3,,
26,ar~,转为动词表性质、大小状况、状貌,105,,
27,as~,作为表示”一再”等加强意,103,,
28,at~,在…(指时间的某一点)转为动词,50,,
29,auth~,作者,9,,
30,auto~,self,17,,
31,a~,用于加强语气，不表示抽象名词,1247,,
32,bene~,fine；n. 祈祷；祝福很好；与mal(e)相反,10,,
33,be~,变换为及物动词,161,,
34,bibl~,书,4,,
35,bin~,n. 箱子，容器；二进制双；二,5,,
36,bi~,two；生命，二,78,,
37,bon~,很好,11,,
38,bronch~,支气管,2,,
39,by~,near；通过；经过副，次要的；附近,10,,
40,caco~,坏的；不好的,2,,
41,cata~,n. 渺位下面,10,,
42,cat~,n.猫下面,28,,
43,centi~,n. 厘；百分之一百，百分之一,5,,
44,chili~,n. 干辣椒，辣椒粉千,0,,
45,circum~,around；n. 环绕，周围周围，环绕,10,,
46,circu~,环绕；在…周围,18,,
47,col~,n. 出口，山坳【计】 列共同,58,,
48,com~,with；together；表示“一起”、“共同”、“完全”,150,,
49,contra~,against；n. 反对，相反反对；逆,10,,
50,contro~,against；反对；逆,5,,
51,con~,"with；together；vt. 精读；默记表示""共同""",302,,
52,cor~,一同，合并,52,,
53,counter~,against；n.柜台反对；逆,13,,
54,coun~,国家，全,24,,
55,co~,with；together；一起；共同；联合,721,,
56,crypt~,n. 土窖，地下室；腺窝隐藏的,2,,
57,deca~,十,7,,
58,decem~,十,1,,
59,deci~,【计】 十分之一十,10,,
60,demi~,half；adj. 小的，一半的半,1,,
61,des~,脱，去，除，离，解除,58,,
62,de~,down；away；【化】 非对映体过量去，反，解，往底下,414,,
63,dia~,through；between；在两者之间,18,,
64,dif~,"表示""不，否定，分开""",16,,
65,dil~,表示否定、相反或相对；表示分离,12,,
66,dis~,not；表示“分开；分离；否定；不”之义,220,,
67,di~,二,364,,
68,dodeca~,十二,0,,
69,do~,aux.v.vt.做，干，办二；双,94,,
70,duo~,n. 二重唱二，双,0,,
71,du~,二，双,42,,
72,dys~,【医】 不良，困难，障碍不好的,4,,
73,dy~,二，两次，两倍,13,,
74,d~,右或顺时针方向.,1072,,
75,ecto~,外面；…外,2,,
76,ec~,出，除去；超出,25,,
77,ef~,表示“由…出来，自”之义,26,,
78,em~,in；进入某种状态，使成为…,77,,
79,endo~,在里面的,8,,
80,ennea~,九,0,,
81,enter~,vt.进入，加入，参加在中间，肠道,7,,
82,ento~,在内,2,,
83,en~,进入起功能转换作用,169,,
84,eo~,黎明；开始,3,,
85,epi~,在…上面；在…外面,16,,
86,ep~,在…上面；在…外面,19,,
87,eso~,内；在…里面,2,,
88,eu~,表示“真正”，“良好”，“容易”,11,,
89,ev~,良好,44,,
90,exo~,"out；over；beyond；表示""外部的，外面""",8,,
91,extern~,n. 走读生，走读医学实习生…外,4,,
92,exter~,…外,7,,
93,extra~,out；over；beyond；adj.额外的超越，额外,12,,
94,extro~,out；over；beyond；以外的，超过的,1,,
95,extr~,在…之外；超出；与intra相反,21,,
96,ex~,out；over；beyond；n. 前妻或前夫外部，向外；前任，旧,217,,
97,fore~,before；n.前部，船头在前面；前面,33,,
98,fort~,十四,16,,
99,ge~,地球,77,,
100,hecto~,【电】 格克脱百,1,,
101,heli~,太阳；直升机,4,,
102,hemi~,half；半,1,,
103,hendeca~,十一,0,,
104,hepat~,肝脏,1,,
105,heptadeca~,十七,0,,
106,hepta~,n.七七,0,,
107,hept~,七,0,,
108,hetero~,diferent；另一的；不同的,4,,
109,heter~,另一的；不同的,4,,
110,hexa~,六,2,,
111,hier~,骶骨，宗教，神圣的,4,,
112,hist~,组织,7,,
113,holo~,全,3,,
114,homo~,the same；one；single；n. 同性恋者表示“同类的”,9,,
115,hom~,相同,29,,
116,hyeto~,雨，下雨,0,,
117,hyet~,雨，下雨,0,,
118,hygro~,湿气,0,,
119,hyl~,物质,0,,
120,hyper~,over；above；超出，过于,7,,
121,hypo~,under；n. 海波； 定影剂次，亚；在……之下,9,,
122,hypso~,高度,0,,
123,hyp~,低下,19,,
124,hyster~,子宫,2,,
125,ig~,不，非，无,10,,
126,il~,not；不，非，无；向内，进入，朝,19,,
127,im~,不，非，无；向内，进入，朝；not；in,156,,
128,indi~,在内,35,,
129,infra~,adv. 以下； 之外； 以后低下；在下，在下部,3,,
130,intel~,在…之间,7,,
131,inter~,between；among；vt.埋葬，葬，埋在……中间,86,,
132,intra~,in；【计】 节点内在内，内部,2,,
133,intro~,in；简介在内，进入,6,,
134,in~,not；in；不，非，无表示“集体活动”,642,,
135,ir~,not；不，非，无；向内，进入，朝,43,,
136,iso~,相等的,6,,
137,is~,相等的,12,,
138,i~,我不；无,938,,
139,juxta~,接近,2,,
140,kilo~,n.千克；公斤千,5,,
141,macro~,n.宏，巨大；长,1,,
142,male~,bad；a.男的，雄的 n.男子恶、不良、失、不,5,,
143,mali~,bad,6,,
144,mal~,bad；不舒服；与bene相反坏,25,,
145,med~,mid中间,21,,
146,mega~,百万，兆,4,,
147,meta~,over；above；【计】 元的超；在…之中,14,,
148,metro~,n.地下铁道 表示“测量，度量”之义,2,,
149,met~,（meet得过去式）遇见中间，中位，转,39,,
150,micro~,"small；【计】 表示""小""，""微""小，微量，百万分之一",16,,
151,mids~,正中的,1,,
152,mid~,prep.在…中间，a.中央的中间,15,,
153,milli~,thousand；【计】 毫千分之一,5,,
154,mini~,small,11,,
155,miso~,讨厌，厌恶,0,,
156,mis~,wrong；not；坏，错误，否定,54,,
157,mono~,the same；one；single；a. 单声道的表示单一的意思,17,,
158,mon~,the same；one；single；单一,36,,
159,multi~,many；多许多,16,,
160,mult~,多的,16,,
161,myria~,万，无数,1,,
162,neo~,【计】 最新式新，新近,7,,
163,nepho~,云,0,,
164,nephr~,肾,1,,
165,ne~,a. 原姓...的，原名...的新；非；不,98,,
166,nonadeca~,十九,0,,
167,nona~,【医】 南欧嗜眠性脑炎九,1,,
168,non~,not；非；不；无,33,,
169,novem~,九,1,,
170,n~,非；不,343,,
171,ob~,against；对；向；相反；反对,61,,
172,octav~,八,0,,
173,octa~,eight；八,1,,
174,octo~,eight；八分,3,,
175,octu~,eight,0,,
176,oct~,八,4,,
177,oc~,对；向；相反；反对,24,,
178,of~,prep…….的向,26,,
179,ombro~,雨,0,,
180,omni~,all；全部,6,,
181,ophthalm~,眼,0,,
182,op~,n.工作，操作向；相对,51,,
183,oste~,骨,3,,
184,out~,prep. 向；离去 超过；外，向外,58,,
185,over~,over；above；adv. 结束；越过过度；在……上面,73,,
186,o~,对；向；相反；反对,469,,
187,panto~,n. 哑剧，童话剧，舞剧全，每，所有的,2,,
188,pan~,all；全；所有的,27,,
189,para~,aside；n. 伞兵表示“半，类似，辅助”等,26,,
190,par~,完全,74,,
191,pel~,完全；彻底,7,,
192,penta~,五,1,,
193,pen~,几乎；近乎,30,,
194,peri~,aside；周围；环绕,17,,
195,per~,through；complete；prep. 每；每一；按照完全；彻底,119,,
196,phyllo~,叶,0,,
197,phylo~,种族；民族；人种,0,,
198,pil~,完全；彻底,10,,
199,poly~,many；n. 多许多,10,,
200,post~,after；behind；n.邮件，邮政，邮寄在……后面；在后,21,,
201,preter~,表示“超过”之义,1,,
202,pre~,before；超过；在……前面；前面,154,,
203,pros~,“向”，“靠近”；“在前面”，“此外”,16,,
204,proter~,先,1,,
205,prote~,蛋白,9,,
206,proto~,orgin；【计】 原型，样机最…的；最初的；原始的,3,,
207,prot~,最…的；最初的；原始的；pro的最高级,18,,
208,pro~,adv.赞成的观点（常用复数形式）向前；前面,205,,
209,pr~,为了…；代替…；赞成…,436,,
210,pseudo~,not true；adj.假的假的,1,,
211,pseud~,假的,1,,
212,pur~,为了…；代替…；赞成…,26,,
213,quadri~,四,1,,
214,quadru~,four；四,2,,
215,quadr~,四,5,,
216,quasi~,a.半，准类似，准,1,,
217,quinqu~,五,0,,
218,quinti~,五,0,,
219,quint~,n. 五度音程，五胞胎之一五,1,,
220,quin~,五,3,,
221,radio~,n.收音机放射、无线电、径向,5,,
222,rans~,1、横过，越过2、变换，改变，转移,1,,
223,red~,红色(的)再次；反复,21,,
224,ren~,肾,24,,
225,retro~,back；again；后退,4,,
226,re~,back；again；反；后退，再,625,,
227,rhiz~,根,0,,
228,rhod~,玫瑰花,0,,
229,ric~,指职位，管辖区,5,,
230,semi~,half；pref.半(大学英语25)半,12,,
231,septem~,七,1,,
232,septim~,七,0,,
233,septi~,七,1,,
234,sept~,七腐烂,2,,
235,sesqui~,表示“一个半”之义,0,,
236,sext~,n. 第六时祷告仪式六,1,,
237,sex~,n.性别六；性,5,,
238,se~,away；apart；分离；离开,217,,
239,sim~,单一；相似,19,,
240,sine~,n. 正弦无,2,,
241,sino~,中国,0,,
242,somni~,表示“睡眠”之义,0,,
243,sopr~,超级的,1,,
244,sove~,特级的；过分,2,,
245,step~,n.脚步；步骤；措施同父异母的；继的,3,,
246,stereo~,stereo,3,,
247,subter~,少于,2,,
248,sub~,under；n. 地铁，潜艇，替补队员 次，亚；在…下面，低,67,,
249,suc~,在…...下面，低，次，亚,17,,
250,suf~,【计】 后的在…...下面，低，次，亚,9,,
251,sug~,下；次,6,,
252,sum~,下；次集结,13,,
253,super~,over；above；太棒了超过；在上,31,,
254,supra~,adv. 在上； 在前在……之上,0,,
255,supre~,无上,3,,
256,sup~,vi.啜饮在…...下面，低，次，亚,53,,
257,sur~,over；above；在下面，超过,30,,
258,sus~,下；次,13,,
259,su~,用于sp 母前= sub(在…下方),246,,
260,syl~,类似；连；同时；相同,2,,
261,sym~,the same；one；single；类似；连；同时；相同,19,,
262,syn~,the same；one；single；类似；连；同时；相同,18,,
263,sys~,共同,5,,
264,sy~,类似；连；同时；相同,49,,
265,tele~,far；远距离,15,,
266,ter~,三次的；三倍的,24,,
267,tetra~,n. 脂鲤四,0,,
268,tetr~,四,0,,
269,therm~,n. 千卡，克卡，撒姆(煤气热量单位)热,4,,
270,trans~,change；across；【电】 transimitter的简写横过，贯通,41,,
271,tra~,通过；拉,91,,
272,treas~,表示穿、越、超之意；财富,4,,
273,tres~,通过,5,,
274,trich~,毛发,0,,
275,trideca~,十三,0,,
276,tri~,three；【计】 三三,34,,
277,twi~,two；二；二倍,9,,
278,ultra~,out；over；beyond；a.超乎寻常的极端；在……那边,4,,
279,undeca~,十一,0,,
280,under~,在下面在…下，不足，低劣,48,,
281,uni~,one；一,39,,
282,un~,not；不，无；相反的动作,347,,
283,up~,adv. 起来；上涨；向上向上,35,,
284,ut~,向外；超越；胜过,12,,
285,vice~,aside；n.恶习，恶行，坏脾气，罪恶“副…”,2,,
286,wel~,使动词构成名词,13,,
287,with~,against；prep. (表示伴随)与此同时反对；反抗,8,,
288,~abl~,一,291,,
289,~abol~,废除,9,,
290,~academ~,学术,4,,
291,~accoutr~,dress（穿着）,0,,
292,~acerb~,adj. 尖锐的；酸涩的尖，酸，锐利,3,,
293,~acer~,苦，酸，尖,6,,
294,~acet~,【化】 次乙基； 乙酰sharp，sour尖，酸,6,,
295,~acid~,a.酸的酸的；尖锐的,6,,
296,~acm~,top（顶端）,1,,
297,~acou~,听，闻,3,,
298,~acri~,表示“尖，酸，锐利”,8,,
299,~acr~,酸的；尖锐的,19,,
300,~act~,do，act；表演行为；行动,144,,
301,~acu~,表示“尖，酸，锐利”,22,,
302,~ac~,酸的；尖锐的,654,,
303,~add~,vi. 加；增加加,23,,
304,~adelph~,兄弟,1,,
305,~adip~,fat（肥）,0,,
306,~adjut~,assist（帮助）,1,,
307,~advant~,ahead（前面）,5,,
308,~aeg~,山羊，保护、庇护,1,,
309,~aem~,血,0,,
310,~aeri~,表示“空气，充气”等,1,,
311,~aero~,adj.航空的，表示“空气，充气”等,11,,
312,~aer~,【医】 气压单位空气；天空,13,,
313,~aesthet~,感觉,3,,
314,~aesth~,发觉,3,,
315,~aestiv~,夏天,0,,
316,~agap~,爱,1,,
317,~agi~,表示摇动、行动、驱使、领导、引领等,26,,
318,~agogue~,领导者,3,,
319,~agog~,adj. 兴奋的，表示“引导”,7,,
320,~agon~,n. 斗争；竞赛，表示“挣扎，斗争”,19,,
321,~agor~,市场,0,,
322,~ago~,adv. 以前引导,33,,
323,~agri~,田地，农田,6,,
324,~agro~,n. 暴力行为， 表示“田地，农业”等,2,,
325,~agr~,field；earth；田野，农田,24,,
326,~ag~,do，act；a. 农业的行为；行动,373,,
327,~alacr~,swift（迅速）,1,,
328,~albo~,白色，无色,1,,
329,~alb~,n. 白麻布圣职衣表示“白色”,5,,
330,~ald~,old（老）,14,,
331,~alesc~,形成becoming，growing,5,,
332,~alex~,保护，防卫,0,,
333,~alg~,adj. 代数学上的痛苦,10,,
334,~alit~,形成becoming，growing,38,,
335,~ali~,other；其他的,230,,
336,~allel~,【医】 等位基因，对偶基因另一个,5,,
337,~allo~,adj. 紧密相联的；同分异构的分歧，不同,23,,
338,~ally~,n.同盟者，表副词，由 al+ly构成，“…地”,148,,
339,~all~,pron.全部；全体异；其他的,280,,
340,~altern~,"other；adj. 轮流的；交错的表示""其他的，改变状态""",4,,
341,~alter~,do，act；a. 农业的行为；行动,11,,
342,~altru~,other其他，他人,3,,
343,~altr~,其他的,4,,
344,~alt~,heigh；n. 高音调a. 高音调的高的,53,,
345,~al~,滋养,1532,,
346,~amat~,to love；表示“爱，情爱”,12,,
347,~amble~,vi.缓行，溜蹄走,7,,
348,~ambl~,walk行走,8,,
349,~ambul~,to walk；行走,4,,
350,~amen~,n. 祈祷的结束语；赞成愉快,19,,
351,~amic~,【医】 氨的friend（朋友）,12,,
352,~ami~,to love；爱，喜欢，爱好,46,,
353,~amoeb~,变化,0,,
354,~amor~,n.爱神丘比特，表示“爱，情爱”,13,,
355,~ample~,a.充裕的拿,6,,
356,~ampl~,大,11,,
357,~am~,to love；上午喜爱,355,,
358,~anch~,弯曲,12,,
359,~anct~,表示“神圣”,5,,
360,~andro~,n. 穿心莲内酯（中药成分）男人；男性,0,,
361,~angl~,角,17,,
362,~angul~,角；角,5,,
363,~angust~,狭窄,0,,
364,~angu~,distress（苦恼）,14,,
365,~ang~,滋养,94,,
366,~anim~,live；breath；呼吸；心,17,,
367,~ank~,弯曲,39,,
368,~annu~,年，一年,7,,
369,~ann~,year；年,47,,
370,~ano~,上，后，再，重新；肛门,31,,
371,~anthrac~,煤,0,,
372,~anthrop~,man；人,11,,
373,~anth~,花,17,,
374,~antiq~,表示“古老”,6,,
375,~anx~,紧，痛苦,3,,
376,~aper~,n. 模仿者打开,13,,
377,~aph~,远，离，分离,64,,
378,~apic~,to love；上午喜爱,0,,
379,~api~,n.…人；一,30,,
380,~apt~,fit；adj. 恰当的合适的,22,,
381,~aqua~,water；n. 水；溶液水,2,,
382,~aquil~,eagie（鹰）,1,,
383,~aqu~,water；水,9,,
384,~arbitr~,judge判断,2,,
385,~arbit~,表示“判断”,3,,
386,~arbor~,n. [植] 乔木树,5,,
387,~archae~,古,5,,
388,~archa~,古代的，原始的；古,7,,
389,~archeo~,ancient古代的，原始的,1,,
390,~archy~,"adj.拱形的表示""统治者，统治，主要的""",8,,
391,~arch~,rule；n.拱首领；统治者,36,,
392,~arct~,北方，熊,3,,
393,~arc~,n.弧，弧形物，弓箭,63,,
394,~ardu~,difficult（困难）,1,,
395,~aren~,sand（沙）,9,,
396,~argi~,field；earth,4,,
397,~argo~,field；earth,6,,
398,~argu~,解释清楚,4,,
399,~arg~,n.人；特质；adj.有…性质的；蚂蚁,33,,
400,~aristo~,最佳,3,,
401,~arithm~,数字,1,,
402,~arm~,weapon；手臂武器,37,,
403,~arom~,apice（香料）,3,,
404,~ars~,glow，burn灼热，燃烧，热情,31,,
405,~arterio~,动脉,0,,
406,~arteri~,动脉,0,,
407,~arter~,pipe（管道）,7,,
408,~arthro~,关节,1,,
409,~arthr~,关节,2,,
410,~articul~,关节,4,,
411,~art~,skill；美术技巧；艺术,122,,
412,~ash~,n. 灰；灰烬，燃烧，发光,49,,
413,~asin~,ass（驴子）,5,,
414,~asper~,adj.有…性质的；,3,,
415,~aster~,star；n. 紫苑属植物星星,19,,
416,~asthm~,panting（喘气）,1,,
417,~astro~,"star；表示""星星""",12,,
418,~astr~,星星,19,,
419,~athl~,竞赛,4,,
420,~atmo~,气,2,,
421,~atm~,大气，蒸汽,4,,
422,~atp~,rule；n.拱首领；统治者,0,,
423,~atroc~,cruel（残酷）,2,,
424,~atr~,黑色的,37,,
425,~att~,能力；倾向；适当的,76,,
426,~auct~,add；增加,1,,
427,~auc~,增加,14,,
428,~audit ~,vi. 审计；[审计] 查帐听,0,,
429,~audi~,hear；听,8,,
430,~aud~,听,22,,
431,~aug~,add；增长；使生长,20,,
432,~auri~,耳,2,,
433,~aur~,耳,12,,
434,~auster~,severe（严重的）,2,,
435,~austr~,aouth（南方）,0,,
436,~aus~,听,24,,
437,~auto~,n.汽车自己,18,,
438,~aut~,自己,46,,
439,~auxili~,help（帮助）,1,,
440,~aux~,增加、增多,2,,
441,~aval~,n. 保兑；担保kownward（向下）,6,,
442,~avar~,表示“渴望，鸟”,2,,
443,~avi~,表示“渴望，鸟”,46,,
444,~av~,表示“渴望，鸟”,199,,
445,~aw~,int. 哦！噢！（表示抗议，厌恶等）害怕,86,,
446,~axim~,格言，准则,3,,
447,~axi~,skill；美术技巧；艺术,8,,
448,~ax~,n. 斧头轴,34,,
449,~bacteri~,细菌,3,,
450,~bac~,n.用绳子拖的平底渡船后面,35,,
451,~badin~,jest（说笑）,1,,
452,~bak~,热,3,,
453,~balc~,门板，粱,1,,
454,~ball~,"n. 球；舞会表示""抛，舞，球""",21,,
455,~bal~,胀满，包裹，球,50,,
456,~band~,n.带子，镶边，波段，队，乐队捆绑,12,,
457,~ban~,vt. 禁止，取缔限制,39,,
458,~bapt~,浸，泡,0,,
459,~barbar~,n. （男）理发员野蛮的,2,,
460,~barb~,n. 倒钩vt. 装倒钩于胡须,8,,
461,~bard~,n. 吟游诗人，诗人beard（胡子）,5,,
462,~barg~,船；乞讨；恳求,3,,
463,~baro~,重，压,4,,
464,~barr~,棒子；障碍,10,,
465,~bary~,重，压,0,,
466,~bar~,n.条；棒重，压，棒子；障碍,48,,
467,~bas~,去，底,32,,
468,~bathy~,深,0,,
469,~bath~,n. 沐浴；浴室；浴盆deep深，深海的,8,,
470,~bat~,beat；n.蝙蝠，球棒打；去,37,,
471,~beac~,火，烤,2,,
472,~beat~,vt. 打；打败blessed（有福的）,8,,
473,~bed~,床，范围,25,,
474,~belli~,战斗，战争,6,,
475,~bell~,n. 铃，钟；钟声，铃声战争；美丽的,14,,
476,~bel~,n. 贝尔（音量比率之单位）战争；美丽的,38,,
477,~ben~,n.内室，起居室好，做，偏爱，尊敬,21,,
478,~bever~,drink（喝）,1,,
479,~bev~,abbr. 十亿电子伏特喝,1,,
480,~bey~,expect（期待）,5,,
481,~be~,v. 是； 值居住,329,,
482,~biblio~,书,3,,
483,~bibli~,book,3,,
484,~bib~,vi. 饮酒，不断地饮酒喝,6,,
485,~bid~,v.说（问候的话等），信任；命令,13,,
486,~bili~,表示“能力”,63,,
487,~bil~,强壮的strong,81,,
488,~bine~,n. 蔓；蔓生植物捆,6,,
489,~bio~,life；n. 个人简历，小传生命,27,,
490,~bir~,携带，带，拿,15,,
491,~bit~,n.一点儿，撕，咬，,47,,
492,~blanc~,n. 白白色,3,,
493,~blan~,空白的,7,,
494,~blasto~,胚，芽,0,,
495,~blast~,n. 爆炸；冲击波胚,1,,
496,~blas~,bamage（毁坏）,5,,
497,~blaz~,火焰,4,,
498,~bla~,光，亮，燃烧,32,,
499,~blea~,空白的,4,,
500,~blem~,问题；投掷，扔掷,5,,
501,~ble~,光，亮，燃烧,412,,
502,~bli~,光，亮，燃烧,42,,
503,~blo~,光，亮，燃烧,28,,
504,~blu~,光，亮，燃烧,19,,
505,~bl~,准吹风；颜色,570,,
506,~bod~,告知，使明白；预兆,15,,
507,~boist~,爆发，突然迸发，热闹,1,,
508,~bol~,抛，舞，球，投,23,,
509,~bond~,n.联结，联系；公债，债券捆绑,3,,
510,~bord~,side（边）,3,,
511,~borough~,n. 自治的市镇，区气管,1,,
512,~bor~,藏，保护；割，刺，钻,47,,
513,~bosc~,feed（喂）,2,,
514,~botan~,erb（草）,4,,
515,~bot~,植物；短棍,15,,
516,~bouch~,mouth（嘴）,1,,
517,~bound~,vi. 限制；弹起限制,5,,
518,~bov~,ox（牛）,4,,
519,~bow~,v.鞠躬；点头；弯腰，弯，逃跑,9,,
520,~brace~,n. 支柱两臂,3,,
521,~brachy~,short短,0,,
522,~brach~,n. 雌猎犬arm臂,0,,
523,~brack~,vomit（呕）,2,,
524,~brac~,短，手臂,6,,
525,~brady~,slow缓慢,0,,
526,~brad~,n. [建] 曲头钉摩擦；广阔的,1,,
527,~bran~,n. 糠，麸燃烧；烙印,10,,
528,~braz~,v. 是； 值居住,3,,
529,~brevi~,短的,3,,
530,~brev~,short；短的,3,,
531,~bre~,短的,45,,
532,~bridge~,short；桥,5,,
533,~bridg~,表示“短，缩短”,5,,
534,~brief~,adj. 简短的，简洁的短,4,,
535,~brig~,fight；light；n. 双桅横帆船战斗，打,7,,
536,~bris~,破裂，折，断,5,,
537,~bri~,短,58,,
538,~broch~,pierce（刺，缝）,1,,
539,~bron~,铜,3,,
540,~brut~,兽,2,,
541,~bryo~,膨胀的,2,,
542,~bry~,sprout（发芽）,3,,
543,~br~,准破碎，分裂，产生,231,,
544,~buf~,牛,6,,
545,~bulg~,袋；膨大,1,,
546,~bull~,n. 公牛煮沸boil，seal,13,,
547,~bul~,胀满，包裹，球,35,,
548,~bund~,n. 堤岸；码头；同盟绑，捆,5,,
549,~burl~,n. 节，树节，树瘤mockery（嘲笑）,1,,
550,~burs~,袋；囊,8,,
551,~bur~,n. 刺果火；藏，保护,35,,
552,~but~,conj. 但是；而是；然而，牛,27,,
553,~bu~,表示“牛”；存在，生长，居住,180,,
554,~byss~,borrom（底）,1,,
555,~bys~,尽头end，bottom,3,,
556,~cab~,n.出租马车、汽车，头,25,,
557,~cac~,恶,13,,
558,~cade~,fall；kill,17,,
559,~cad~,fall；kill；n. 卑鄙的男人，下流人，无赖落下,25,,
560,~calam~,misfortune（不幸）,2,,
561,~calcul~,石，计算,9,,
562,~calc~,【计】 计算石，小石子，计算,13,,
563,~calend~,first day（每月第一天）,1,,
564,~cale~,heat热,5,,
565,~calli~,美,2,,
566,~call~,vi. 呼叫；拜访；叫牌硬皮,67,,
567,~calori~,热，热的,1,,
568,~calor~,热,1,,
569,~cal~,beautiful（美丽）,253,,
570,~camb~,睡，卧，躺,0,,
571,~camera~,n. 照相机，摄影机，密谈室房间,2,,
572,~camer~,房间,2,,
573,~camp~,n. 露营 vi. 露营；扎营田野；原野,6,,
574,~cam~,n. 凸轮遮盖，室,14,,
575,~cand~,light；n. 萤石白色的；光亮的,12,,
576,~cant~,to sing；n.伪善之言，黑话，隐语，斜面唱歌,24,,
577,~can~,n.罐头，铁罐，知道；管，小容器,81,,
578,~capill~,毛发,1,,
579,~capit~,头,7,,
580,~capr~,山羊,2,,
581,~caps~,容器，盒子,3,,
582,~capt~,take；head；important；表示“拿，抓，握住”,8,,
583,~cap~,take；head；important；n.帽子头；拿；捉住,42,,
584,~carb~,碳,10,,
585,~carcer~,监狱,1,,
586,~cardi~,心,4,,
587,~card~,n. 卡片；纸牌心,8,,
588,~caric~,load（过分）,1,,
589,~cari~,腐烂,5,,
590,~carn~,flesh；n. 堆石标记；肉肉,8,,
591,~carpo~,果实,1,,
592,~carp~,n.鲤鱼；vi.吹毛求疵果实,6,,
593,~carstin~,明天,0,,
594,~cart~,n. 二轮运货马车车，纸,6,,
595,~carv~,写，画，划,5,,
596,~car~,n. 汽车；车厢车；跑,89,,
597,~cast~,vi.投掷；投射；抛投掷,15,,
598,~cas~,fall；kill；落下,37,,
599,~caten~,chain（链）,1,,
600,~cathar~,pure（纯洁）,2,,
601,~cathol~,general（普通的）,2,,
602,~cath~,泄、通,9,,
603,~caud~,尾部,0,,
604,~caul~,n. [胚] 胎膜；大网膜stem（根，杆）,1,,
605,~cause~,n.原因，导致某事发生的人或事理由,2,,
606,~caust~,bun（烧）,2,,
607,~caus~,原因，砍，击,5,,
608,~caut~,燃烧；听，看，注意,6,,
609,~cau~,烧，热,14,,
610,~caval~,【医】 腔静脉的horse（马）,3,,
611,~cav~,中空的,15,,
612,~cay~,n. 沙礁，珊瑚礁，沙洲fall降落,2,,
613,~ca~,fall；kill,791,,
614,~ceal~,遮盖，隐藏,1,,
615,~ceas~,走；停止,2,,
616,~cede~,go；yield；vt.放弃走；让步,13,,
617,~ced~,行走,21,,
618,~ceed~,go；yield；走；让步,7,,
619,~ceipt~,拿，抓，握住,1,,
620,~ceit~,抓，取,3,,
621,~ceive~,拿，抓，握住,6,,
622,~ceiv~,抓，取,9,,
623,~celebr~,honor（荣誉）,5,,
624,~celer~,快速的,3,,
625,~celib~,single（单个）,2,,
626,~cell~,n. 细胞；电池小房间；隐藏,13,,
627,~cel~,动画序列中的单帧天空,35,,
628,~cem~,躺，床，家，城市,14,,
629,~cend~,白，白热，火光；爬,13,,
630,~cens~,判断，评价；闪光，白,7,,
631,~centri~,中心,7,,
632,~centr~,center；中心,16,,
633,~cent~,to sing；n. 分；一分的硬币百；唱歌,68,,
634,~cen~,center；白，白热，发光,120,,
635,~cephal~,头,2,,
636,~cept~,拿，抓，握住,33,,
637,~cep~,拿,36,,
638,~ceram~,earth（陶土）,2,,
639,~cerebr~,脑,2,,
640,~cern~,分开，放，搞清，区别,6,,
641,~cerpt~,拿,1,,
642,~certi~,确凿，可靠；信誉，信用,6,,
643,~cert~,sure；n. 必然的事情确定的,15,,
644,~cer~,n. 陶瓷硬,64,,
645,~cess~,go；yield；n. 地方税，土地税，特种税走；让步,44,,
646,~cest~,行走，前进；纯洁,3,,
647,~ces~,行走,52,,
648,~chal~,叫喊；要求；小石,9,,
649,~chame~,ground（地）,1,,
650,~chand~,蜡烛；火，光，热,4,,
651,~chann~,管，小容器,1,,
652,~chans~,歌唱；下降；降落；天意,0,,
653,~chant~,to sing；vi. 唱歌；反覆地唱歌唱歌,6,,
654,~chap~,n.男人；小伙子；家伙头，首，冠,5,,
655,~chara~,vi. 烧焦；打杂性质；磨，擦，刮，涂,6,,
656,~charg~,装载,6,,
657,~chart~,n. 图表；海图；图纸纸,3,,
658,~char~,vi. 烧焦；打杂车，跑；喜欢，渴望,29,,
659,~chast~,纯洁的,4,,
660,~cheir~,hand手,0,,
661,~chemico~,chemitry化学,0,,
662,~chemo~,n. 化疗（等于chemotherapy）；化学疗法化学,0,,
663,~chem~,化学,16,,
664,~cher~,喜欢，渴望,21,,
665,~chiev~,头,4,,
666,~chil~,冷，冻,7,,
667,~chiro~,n.海鲢手,0,,
668,~chir~,手,1,,
669,~chis~,挖；切,8,,
670,~chival~,马匹,2,,
671,~chloro~,氯，绿,3,,
672,~chlor~,绿,7,,
673,~choic~,尝，选,1,,
674,~chok~,契合，塞住,1,,
675,~chol~,黄色，发光,12,,
676,~chondr~,cartilage（软骨）,4,,
677,~choos~,动画序列中的单帧天空,2,,
678,~chor~,表示“歌，舞”,11,,
679,~chri~,动画序列中的单帧天空,5,,
680,~chromat~,铬，颜色，色素,3,,
681,~chrom~,表示“颜色”,8,,
682,~chron~,time；时间,16,,
683,~chro~,颜色,25,,
684,~chrys~,黄色；金,1,,
685,~chtys~,golden（金色）,0,,
686,~cide~,fall；kill；切割；杀,23,,
687,~cid~,fall；kill；落下,36,,
688,~cili~,眼皮eyelid,10,,
689,~cil~,喊，回响，召唤，清楚；表示“召集”,26,,
690,~cinct~,绑；环绕,2,,
691,~cinemat~,film电影,0,,
692,~ciner~,ash（灰）,1,,
693,~cine~,n. 电影运动,7,,
694,~cintamin~,pollute（污染）,0,,
695,~cin~,激起，唤起,35,,
696,~cipit~,take；head；important；表示“头”,3,,
697,~cip~,拿,33,,
698,~circ~,【计】 广义圈圆；环,23,,
699,~cirl~,环绕，周围,0,,
700,~cirro~,触毛，卷须，卷云,0,,
701,~cirr~,触毛，卷须，卷云,0,,
702,~cir~,圆，环,23,,
703,~cise~,切割,9,,
704,~cist~,n. 石棺，墓窖，圣器箱box（盒子）,2,,
705,~cis~,切,41,,
706,~cite~,vt.引用，引证，提名表扬召唤；驱策,7,,
707,~citr~,柠檬，柑橘,1,,
708,~cit~,n. 市民召唤,76,,
709,~civi~,公民,10,,
710,~civ~,市民,13,,
711,~claim~,n.(据权利提出的)要求大叫,9,,
712,~clair~,表示“清楚，明白”,2,,
713,~clam~,n. 蛤；沉默寡言的人；钳子大叫,10,,
714,~clandestin~,secret（秘密）,1,,
715,~clar~,清楚的；清澈的,6,,
716,~claus~,关闭,1,,
717,~clav~,钥匙key,2,,
718,~cla~,喊，回响，召唤，清楚,56,,
719,~cleav~,分离；粘住,3,,
720,~clen~,倾斜,1,,
721,~clim~,气候；顶点,7,,
722,~clin~,to bend； to lean；倾斜，弯曲,9,,
723,~cliv~,to bend； to lean；表示“倾斜，斜坡”,2,,
724,~cli~,lean倾，斜,30,,
725,~clois~,关闭,1,,
726,~close~,关；关上关闭,8,,
727,~clos~,shut；close；adv. 秘密地关闭,10,,
728,~clud~,shut；close；关闭,6,,
729,~clus~,shut；close；关闭,13,,
730,~clys~,dash（猛冲）,1,,
731,~cl~,粘，连，球，块，抓,214,,
732,~cmul~,heap（堆积）,0,,
733,~coars~,跑，发生,2,,
734,~coct~,烹调,1,,
735,~coc~,煮,10,,
736,~codi~,法典,3,,
737,~cogit~,想,3,,
738,~cognis~,知道；认识,1,,
739,~cognit~,知道；认识,4,,
740,~cogn~,know；知道；认识,12,,
741,~cog~,n. 钝齿；雄榫同,19,,
742,~colis~,巨大great,0,,
743,~coll~,n. 胶原共同；脖领，领子,33,,
744,~colon~,n.冒号栖息,9,,
745,~coloss~,巨大great,3,,
746,~combus~,燃烧,2,,
747,~comit~,伴随accompany,2,,
748,~commod~,方便,6,,
749,~commun~,共同的,12,,
750,~conch~,n. 海螺壳贝壳,0,,
751,~cond~,n. 气孔导度；电导率 表示“藏”,30,,
752,~contr~,反对，相反,25,,
753,~copi~,充裕，丰富,6,,
754,~copr~,粪,1,,
755,~copul~,结合,0,,
756,~cop~,n.巡警abundance（丰富）,30,,
757,~cord~,heart；n. 绳索；束缚心,15,,
758,~cori~,skin（皮）,2,,
759,~corn~,n. （美）玉米角,12,,
760,~coron~,冠状,2,,
761,~corpor~,体,8,,
762,~corp~,【经】 公司身体,15,,
763,~corrig~,correct（改正）,2,,
764,~cort~,公正的；正当的,2,,
765,~corusc~,glitter（发光）,1,,
766,~cor~,【医】 心脏，心心,97,,
767,~cosmet~,美丽,0,,
768,~cosmo~,世界，宇宙,3,,
769,~cosm~,universal；world；宇宙；次序,5,,
770,~cost~,vi. 花费习惯,4,,
771,~count~,v.数(数目)，点计(数)数；计算,34,,
772,~coup~,n. 砰然的一击，妙计切割,4,,
773,~cours~,"表示“跑，发生”""",6,,
774,~cour~,run；心；跑,20,,
775,~cover~,to cover；n. 封面，封皮；盖子；掩蔽物覆盖,13,,
776,~cow~,n.奶牛，牛,7,,
777,~cracy~,统治；权利,9,,
778,~cranio~,头脑,0,,
779,~crani~,头颅,1,,
780,~cran~,弯，扭,4,,
781,~crastin~,tomorrow（明天）,1,,
782,~cras~,mixing（混合）,3,,
783,~crat~,统治,19,,
784,~crav~,工艺，技艺，力,3,,
785,~cra~,混，煮,74,,
786,~crease~,"n. 折痕表示“增长，产生”""",3,,
787,~creas~,"表示“增长，产生”""",5,,
788,~creat~,生长,11,,
789,~crea~,创造，增长，产生,21,,
790,~cred~,n. 街头信誉相信,16,,
791,~creet~,搞清，区别,2,,
792,~crepit~,burst（爆裂）,1,,
793,~crep~,出声rattle,4,,
794,~cresc~,制造；生长,2,,
795,~cret~,分开；放；创造,13,,
796,~cre~,制造；生长；放,80,,
797,~cric~,圆圈,1,,
798,~crimin~,分辨,9,,
799,~crim~,n. （澳）罪犯罪,15,,
800,~crip~,皱，卷；爬行,19,,
801,~cris~,评判,5,,
802,~crit~,n. 暴击判断，分辨,15,,
803,~cri~,审判，审理,77,,
804,~croach~,钩，弯曲,2,,
805,~croch~,交叉，十字架，信仰，相信,1,,
806,~cros~,交叉，十字架，信仰，相信,16,,
807,~cro~,顶点，高,57,,
808,~crsc~,统治,0,,
809,~cruc~,十字，交叉,3,,
810,~crud~,n. 渣滓；脏家伙；搀和物raw（生的）,4,,
811,~crue~,生长，成长，增加,3,,
812,~cruis~,交叉，十字架，信仰，相信,1,,
813,~crus~,n. 小腿十字，交叉,8,,
814,~cru~,n. 酒的度数粗，生长,42,,
815,~cryo~,寒冷,1,,
816,~cryph~,隐藏,2,,
817,~crypt~,hide,2,,
818,~crystall~,【医】 心脏，心心,4,,
819,~cry~,vi. 哭；叫；喊冷,14,,
820,~cr~,准叫喊；爬行,342,,
821,~cub~,n. 幼兽，年轻人躺，卧,12,,
822,~cuis~,烹调，热,1,,
823,~culc~,踏；踩,1,,
824,~culin~,kitchen（厨房）,2,,
825,~culmin~,top（顶）,2,,
826,~culp~,责备；罪,9,,
827,~cult~,耕种；n.狂热信徒，崇拜者耕种，培养,23,,
828,~cumbr~,obstruction妨碍,0,,
829,~cumb~,躺下,7,,
830,~cumul~,堆积,5,,
831,~cupro~,铜，一价铜，二价铜,0,,
832,~cupr~,铜，一价铜，二价铜,0,,
833,~cup~,n. 杯子，优胜杯，茶杯抓，取，拿,16,,
834,~cura~,关心,5,,
835,~cure~,n. 治愈；药物；疗法；小心；注意,10,,
836,~curr~,vi. 发咕咕声；咕咕叫跑，发生，快速做,15,,
837,~curs~,n. 杂种狗跑；流动,9,,
838,~curt~,adj. 简略的；简要的short（短）,4,,
839,~curv~,弯曲；环绕，周围,4,,
840,~cur~,run；n. 恶狗，杂狗跑；流动,68,,
841,~cuse~,理由,3,,
842,~cuss~,n. 诅咒，坏话，家伙击，打，摇动,7,,
843,~custod~,guard（看护）,3,,
844,~cust~,习惯,11,,
845,~cus~,原因，砍，击,31,,
846,~cutl~,刀,1,,
847,~cut~,n. 切口，割伤，降低，伤口 皮,32,,
848,~cu~,胀，鼓，洞,323,,
849,~cyclo~,n. 三轮车圆圈，周期,5,,
850,~cycl~,n. 轮子；圆圈；循环圆圈，周期,14,,
851,~cyc~,圆；环,14,,
852,~cylind~,roll（卷）,2,,
853,~cyn~,表示“狗”,4,,
854,~cysto~,胞，囊，膀胱,0,,
855,~cyte~,细胞,1,,
856,~cyto~,细胞,1,,
857,~cyt~,细胞,3,,
858,~dactyl~,n.强弱格，长短格；手指手指,0,,
859,~dain~,有价值的,5,,
860,~dai~,日，天,11,,
861,~dama~,conpuer（征服）,2,,
862,~damn~,vi. 谴责损害，诅咒,1,,
863,~dam~,n.水坝，水堤；障碍物，统治，家，屋，驯服,14,,
864,~dang~,悬挂；危险,5,,
865,~dan~,n. 段低地,39,,
866,~dat~,给,45,,
867,~deb~,n. 初上舞台的人负债,20,,
868,~decim~,手指；十,3,,
869,~dec~,十，适当的,56,,
870,~dei~,神,4,,
871,~delect~,delight（愉快）,2,,
872,~delir~,mad (疯）,2,,
873,~delt~,三角,1,,
874,~demn~,损害,3,,
875,~demo~,n. 演示；样本唱片；民主党员人民，人们,16,,
876,~dem~,people；民众,45,,
877,~dendr~,树,0,,
878,~dens~,n. 兽窝，兽穴（den的复数）；牙齿浓密,8,,
879,~dento~,tooth牙齿；tooth树,0,,
880,~dent~,n. 凹痕；削弱；减少；齿牙齿,66,,
881,~dep~,深，倒，筛，滴,47,,
882,~dermat~,皮肤,1,,
883,~derma~,n.真皮皮肤,2,,
884,~derm~,n. 真皮；皮肤皮肤,5,,
885,~der~,给予,213,,
886,~deterior~,worse（更坏）,3,,
887,~deuter~,第二,0,,
888,~dexter~,adj. 右侧的；幸运的右边的；熟练的,2,,
889,~dextro~,熟练的,1,,
890,~dextr~,右边的；右手；熟练的,1,,
891,~dext~,右边，熟练,3,,
892,~dex~,手指；说；教，信仰,4,,
893,~dg~,指出,59,,
894,~diabol~,魔鬼,2,,
895,~dibil~,weak (衰弱),0,,
896,~dict~,to say；说,33,,
897,~dic~,宣称；说,89,,
898,~didact~,n. 说教者teach（教）,1,,
899,~die~,vi. 死亡 日，发光,23,,
900,~digit~,n. 数字，位数，指头finger（手指）,3,,
901,~dign~,价值；有价值的,7,,
902,~dig~,vt. 挖，翻土，发掘需要need，lack,28,,
903,~diplo~,两倍,3,,
904,~dipl~,double双，复，两,3,,
905,~dips~,口渴,1,,
906,~dit~,n. (摩尔斯讯号的)点给；说,66,,
907,~divid~,分割,9,,
908,~divin~,神,2,,
909,~divis~,分割,4,,
910,~div~,神；深,34,,
911,~di~,日,802,,
912,~doct~,教,7,,
913,~doc~,教导,17,,
914,~dogma~,n. 教条教条的,4,,
915,~dogm~,opinion（观点）,4,,
916,~dog~,n. 狗；vt. 跟踪teach教,13,,
917,~dole~,n. 施舍； 少量的施舍物悲伤,8,,
918,~dol~,【医】 痛单位分发；悲伤，觉得痛,19,,
919,~domin~,统治，控制,10,,
920,~domit~,tame（驯服）,1,,
921,~dom~,家；房子；驯服；驯服,30,,
922,~dont~,牙齿,1,,
923,~don~,vt. 穿上，披上；n. 大学教师给予,24,,
924,~dorm~,n.宿舍睡觉,4,,
925,~dors~,back（背）,3,,
926,~dos~,abbr. 磁盘操作系统给,8,,
927,~dot~,n.小点，圆点 vt.点缀给予,8,,
928,~dow~,给予,28,,
929,~dox~,意见,6,,
930,~draft~,vt.起草，为...打样，设计pull拉,3,,
931,~draw~,画拉，抽，拖,9,,
932,~dra~,抽，拉引，拖,48,,
933,~dress~,n. 连衣裙；女装针对；纠正；穿,4,,
934,~drif~,驱，赶，推动,3,,
935,~driv~,驱，赶，推动,5,,
936,~drome~,n.飞机场跑；走,2,,
937,~drom~,跑；走,2,,
938,~dr~,准坠落；拉扯，拽,153,,
939,~dubi~,【医】 雅司病doubtful (怀疑）,2,,
940,~dub~,"n. 笨蛋；v.给…起绰号，表示""二，双""",3,,
941,~duce~,n. 元首； 领袖引导,12,,
942,~duct~,n. 输送管，导管引导,35,,
943,~duc~,to lead；引导,61,,
944,~duit~,引导,2,,
945,~dulc~,甜,2,,
946,~dulg~,让步yield,2,,
947,~dum~,沉重的咚咚声,8,,
948,~dupl~,二,4,,
949,~dura~,坚硬的；持久的,7,,
950,~dur~,to last；坚硬的；持久的,12,,
951,~dut~,职责；学习；税,2,,
952,~du~,【计】 定义使用负债,176,,
953,~dynam~,力量,8,,
954,~dyn~,力量,10,,
955,~eas~,comfort舒适，容易,80,,
956,~ebri~,drunken（醉）,5,,
957,~eccles~,教会,0,,
958,~ech~,声音,25,,
959,~econom~,经济,7,,
960,~eco~,家,67,,
961,~ed~,埃德（男名）吃,667,,
962,~eem~,拿，获得,15,,
963,~egot~,自己,4,,
964,~ego~,n.自我我；自己,15,,
965,~egyr~,一起带来,1,,
966,~eg~,日,190,,
967,~eig~,我，拥有，该，欠,34,,
968,~elast~,驱动，驱使；拉动,3,,
969,~electro~,vt. 电镀电，电的,14,,
970,~electr~,电的,24,,
971,~eleg~,lament (悲伤）,9,,
972,~emet~,呕吐,1,,
973,~emper~,表示“命令，统治”,10,,
974,~empt~,拿；买,15,,
975,~emul~,equal (平等）,4,,
976,~em~,拿；买,453,,
977,~end~,家；房子；驯服；驯服,157,,
978,~enigm~,迷惑,2,,
979,~enn~,year；年,21,,
980,~entomo~,家；房子；驯服；驯服,0,,
981,~entom~,insect（昆虫）,1,,
982,~ept~,fit,53,,
983,~equi~,相等的,27,,
984,~equ~,相等的,69,,
985,~erc~,力量,71,,
986,~erebr~,brain（脑）,2,,
987,~erem~,孤独的,4,,
988,~erg~,n. 尔格【计】 尔格【化】 尔格工作；功,37,,
989,~ero~,爱、性,77,,
990,~err~,vi.犯错，做错流浪；犯错,61,,
991,~ert~,直；动,117,,
992,~escal~,ladder（梯子）,4,,
993,~esc~,形成becoming，growing,62,,
994,~esoter~,inner（内在）,1,,
995,~ess~,n. 字母S存在,355,,
996,~esthes~,感觉，审美,0,,
997,~esthet~,感觉,5,,
998,~estim~,value（价值）,8,,
999,~estiv~,夏天,6,,
1000,~esti~,价值,67,,
1001,~est~,存在,238,,
1002,~ethno~,人种,2,,
1003,~ethn~,种族,3,,
1004,~etho~,风俗，伦理,8,,
1005,~etr~,进入,56,,
1006,~etymo~,true（真的）,1,,
1007,~etym~,真正的,1,,
1008,~ev~,【计】 定义使用负债,211,,
1009,~fabl~,说,3,,
1010,~fabr~,做,3,,
1011,~fabul~,说,1,,
1012,~fab~,说,7,,
1013,~fact~,n. 事实；实际；真相制造；做,25,,
1014,~fac~,make；do；脸；额头；前部；做,47,,
1015,~fain~,adj. 乐意的形状，构造，样式,3,,
1016,~faith~,n.信任，信念；忠实信任，信心,3,,
1017,~fall~,n.秋天，落下，瀑布，降低，落差欺骗,14,,
1018,~fals~,欺骗；假,3,,
1019,~fal~,欺骗，错,22,,
1020,~fam~,埃德（男名）吃,12,,
1021,~fant~,出现；显现,8,,
1022,~fan~,n. 迷；风扇；爱好者出现；显现,22,,
1023,~fare~,埃德（男名）吃,6,,
1024,~far~,a.& ad.遥远，前，早，通过；运，带，走,23,,
1025,~fascin~,enchant（迷住）,4,,
1026,~fast~,adj. 快的紧的,9,,
1027,~fas~,做，制作,16,,
1028,~fath~,低，底，深,4,,
1029,~fatig~,weary（疲倦）,3,,
1030,~fatu~,silly（笨）,5,,
1031,~fat~,进入某种状态，使成为表小称或缩小,21,,
1032,~faul~,欺骗，错,6,,
1033,~fav~,庇护；善意,9,,
1034,~fa~,说,218,,
1035,~feas~,做，神,4,,
1036,~feath~,追求，冲，飞,2,,
1037,~feat~,n.功绩，伟业做,7,,
1038,~fea~,做，制作,17,,
1039,~febri~,热,1,,
1040,~febr~,fever（烧）,2,,
1041,~fect~,制造；做,28,,
1042,~fecund~,拿；买,2,,
1043,~fec~,adj.有…性质的；v.导致；使变成；n. 半方，字母N,32,,
1044,~feder~,联盟,6,,
1045,~fed~,信任,6,,
1046,~feit~,做,4,,
1047,~felic~,happy（幸福）,5,,
1048,~fel~,猫,16,,
1049,~femin~,女性,4,,
1050,~femto~,千万亿分之一,0,,
1051,~fem~,生育，养育,5,,
1052,~fenc~,击，杀,5,,
1053,~fend~,vt.保护，谋生，供养，挡开打击,6,,
1054,~fens~,打击,8,,
1055,~fen~,n. 沼泽； 沼池栏杆,21,,
1056,~ferro~,【计】 铁共振iron铁,2,,
1057,~ferr~,铁,4,,
1058,~fert~,带来，拿来，给,9,,
1059,~ferv~,沸腾,6,,
1060,~fer~,carry；运送；携带；忍受；结果实；给；煮,82,,
1061,~fess~,v.坦白，供认说,7,,
1062,~fest~,节日；打击,9,,
1063,~fes~,做，神；节日,16,,
1064,~fet~,生产productive,13,,
1065,~fev~,热,2,,
1066,~fe~,不（“非”），钱,253,,
1067,~fian~,最后的，最终的,3,,
1068,~fibr~,纤维,2,,
1069,~fice~,制造；做,14,,
1070,~fict~,假装,5,,
1071,~fic~,出自；超出；=ex构成复数,96,,
1072,~fide~,信任,8,,
1073,~fid~,n. 硬木钉，桅栓信任,14,,
1074,~figur~,形状；形态,10,,
1075,~fig~,n.无花果形状,17,,
1076,~fila~,n. 丝； 丝状部份线；纺织,1,,
1077,~fili~,线；纺织；儿子,6,,
1078,~filt~,过滤,4,,
1079,~fil~,线；纺织,25,,
1080,~fing~,五,5,,
1081,~finit~,终，极,15,,
1082,~fin~,n. 字母S存在,54,,
1083,~firm~,n.公司坚固的,10,,
1084,~fir~,n.冷杉，枞树，杉木，火；前，早，通过,28,,
1085,~fisc~,n. 古罗马国库pruse（钱包）,2,,
1086,~fiss~,n. 字母S存在,3,,
1087,~fit~,vi. 符合，配合适当；做,16,,
1088,~fiv~,存在,1,,
1089,~fix~,n.困境，方位，贿赂固定,5,,
1090,~fi~,相信，信任,319,,
1091,~flagell~,whip（鞭子）,3,,
1092,~flagr~,火焰；燃烧,2,,
1093,~flag~,存在,11,,
1094,~flam~,n. 谎，假话vt. 欺瞒火焰；燃烧,12,,
1095,~flat~,adj.平坦的，扁平的，单调的吹气,14,,
1096,~flau~,吹,2,,
1097,~flav~,流，溶，熔,4,,
1098,~flect~,弯曲,8,,
1099,~flec~,反转,9,,
1100,~flex~,vt. 折曲；使收缩弯曲,6,,
1101,~flict~,打,5,,
1102,~flig~,打出，推进,3,,
1103,~flor~,【电】 电子伏特年龄；时代,5,,
1104,~flot~,漂浮,1,,
1105,~flour~,n.面粉，粉；粉状物质花,2,,
1106,~fluctu~,wave（波浪）,2,,
1107,~fluct~,流动,2,,
1108,~fluc~,流,2,,
1109,~fluv~,流,2,,
1110,~flux~,n. 流出流,2,,
1111,~flu~,流感流,33,,
1112,~fl~,准弯曲；飞，流,202,,
1113,~foc~,焦点,6,,
1114,~foli~,叶子,6,,
1115,~foll~,风囊,4,,
1116,~fon~,喜爱,2,,
1117,~force~,n.（常pl.）军队强壮的,7,,
1118,~forc~,城，高，强，力量,7,,
1119,~forg~,造,8,,
1120,~form~,shape；n.形状，形态，外形，表格形状；形式,49,,
1121,~fortun~,可能性；机会,6,,
1122,~fortu~,运气,8,,
1123,~fort~,n.要塞，堡垒强壮的，运气,26,,
1124,~for~,为；给前，早，通过,162,,
1125,~fost~,养育，喂食,1,,
1126,~found~,v.建立，创立，创办基础；底部；注入；倒入,11,,
1127,~fract~,损坏；破裂,8,,
1128,~frag~,"表示“打碎”""",8,,
1129,~frai~,"表示“打碎”""",3,,
1130,~fram~,形成，结构；确定，真实,4,,
1131,~franch~,公民权,3,,
1132,~franc~,n.法郎自由的；免费的,3,,
1133,~frang~,"表示“打碎”""",0,,
1134,~fratern~,brother（兄弟）,2,,
1135,~frater~,n.兄弟，会友兄弟,2,,
1136,~fratr~,brother兄弟,0,,
1137,~fra~,打破,43,,
1138,~fresc~,新鲜 fresh,1,,
1139,~fric~,摩擦,3,,
1140,~friger~,"表示“冷”""",3,,
1141,~frig~,n.冰箱冷,8,,
1142,~fri~,爱，友爱，自由,32,,
1143,~front~,n.& a.前面(的)；前部(的)脸；额头,13,,
1144,~fros~,adv. 向那边，向后冻结,2,,
1145,~fruct~,果,1,,
1146,~frug~,fruit果实，水果,1,,
1147,~fud~,流，逃，消失,3,,
1148,~fuge~,逃走,3,,
1149,~fug~,to flee；n. 闷浊空气vi. 呆在闷室中逃跑；逃走,6,,
1150,~fulg~,shine（发光）,3,,
1151,~fulmin~,thunder（雷声）,1,,
1152,~fulm~,逃跑,1,,
1153,~fum~,烟,4,,
1154,~funct~,做，履行，完成,12,,
1155,~fund~,n.资金；基金；存款基础；底部；流,6,,
1156,~fung~,功用,6,,
1157,~fun~,n. 乐趣，玩笑，娱乐烟；绳索,30,,
1158,~furc~,fork（分叉）,1,,
1159,~furt~,steal（偷）,3,,
1160,~fur~,n.毛皮；毛；软毛wild狂野的,22,,
1161,~fusc~,dark（黑的）,1,,
1162,~fuse~,n.保险丝，熔丝注入；倒入,12,,
1163,~fus~,灌，流，倾，泄,26,,
1164,~fut~,注入；倒入,4,,
1165,~fu~,存在，生长，居住,200,,
1166,~gain~,n. 增加；利润；收获against（反对）,7,,
1167,~galact~,乳,1,,
1168,~galax~,milk（乳）,1,,
1169,~gal~,n. 加仑（重力加速度单位）；姑娘呼啸；唱,32,,
1170,~gamb~,腿；走；跳,3,,
1171,~gamos~,婚姻,0,,
1172,~gamy~,a. 勇敢的，猎物多的婚姻,3,,
1173,~gam~,n. 鲸鱼群，社交，腿vt. 社交婚姻,15,,
1174,~gard~,抓，围，圈,15,,
1175,~garn~,表示“装饰，供应”,2,,
1176,~garr~,chatter（唠叨）,4,,
1177,~gar~,装饰，注意，保护；叫，关心,54,,
1178,~gastro~,胃；腹部,1,,
1179,~gastr~,胃；腹部,3,,
1180,~gas~,n.气体，打呵欠，裂开,14,,
1181,~gath~,联合，加入，合适,3,,
1182,~gemin~,成对,0,,
1183,~gemm~,芽,0,,
1184,~gener~,生产；种族,22,,
1185,~genit~,"表示“出生，产生”""",2,,
1186,~gent~,n. 绅士；假绅士；男子温和；生产；种族,36,,
1187,~genu~,n. 膝【医】 膝生产；种族,8,,
1188,~gen~,produce；root；n. 消息，真相，情报生产；种族,123,,
1189,~geo~,土地，地球,34,,
1190,~germ~,n. 萌芽；细菌要害部位；出生，产生，种族,6,,
1191,~geronto~,老,2,,
1192,~ger~,携带；运送,77,,
1193,~gest~,n. 诗体小说，昌险行为携带；运送,16,,
1194,~geth~,联合，加入，合适,2,,
1195,~get~,vt.到达，抓，取，拿,18,,
1196,~ghast~,惊恐,2,,
1197,~ghbour~,百姓,3,,
1198,~gigant~,巨大,1,,
1199,~giga~,n.十亿，千兆十亿,1,,
1200,~gin~,n.陷阱，起重装生产，产生，种类,42,,
1201,~gister~,"表示“带来，产生”""",2,,
1202,~giv~,给，接受，有,8,,
1203,~glaci~,冰,7,,
1204,~glac~,表示“冰”,7,,
1205,~gladi~,剑,1,,
1206,~gla~,黄色，发光,30,,
1207,~glob~,n. 水珠； 东西球,4,,
1208,~glomer~,聚集，球,2,,
1209,~glor~,荣誉，光荣,4,,
1210,~gloss~,n. 光泽，色泽表示'舌头'，引申为'词语',4,,
1211,~glot~,表示“舌头”，引申为“词语”,1,,
1212,~glo~,块，团,26,,
1213,~gluc~,甜、甜的,1,,
1214,~glu~,结块，结合，粘合,5,,
1215,~glyc~,甜、甜的,4,,
1216,~gl~,黄色，发光；粘，连，球，块，抓,170,,
1217,~gnant~,出生,8,,
1218,~gnath~,颌；下巴,0,,
1219,~gni~,know；知道,27,,
1220,~gnor~,知道,3,,
1221,~gnos~,know；知道,6,,
1222,~gno~,n.要塞，堡垒强壮的，运气,15,,
1223,~gn~,出生，知道,122,,
1224,~god~,n.神，召唤,2,,
1225,~gog~,引导,8,,
1226,~gol~,黄色，发光,8,,
1227,~gon~,角,27,,
1228,~gorg~,喉咙,3,,
1229,~gor~,收集，集合,18,,
1230,~gos~,召唤,4,,
1231,~grac~,愉快，取悦,5,,
1232,~grad~,go；to walk；n.毕业生，校友步，走，级,17,,
1233,~graf~,写，画,1,,
1234,~gram~,n. 绿豆；鹰嘴豆；写,20,,
1235,~grand~,a.豪华的；庄重的大，宏大，高,16,,
1236,~gran~,表示“颗粒”,32,,
1237,~graph~,n.(曲线)图，图表写，图,52,,
1238,~grat~,greet的过去式使高兴,27,,
1239,~gravat~,重，加重,2,,
1240,~grav~,heavy；weight；serious；重的,11,,
1241,~graz~,生长，变绿,3,,
1242,~gra~,喜爱，感激，称赞,185,,
1243,~gred~,走，步，行,1,,
1244,~gree~,"表示“感激，高兴”""",20,,
1245,~greg~,聚焦；群,9,,
1246,~gress~,go；to walk；走,19,,
1247,~gret~,叫喊，哭,2,,
1248,~griev~,"heavy；weight；serious；表示“重""",4,,
1249,~groc~,厚，大，粗,3,,
1250,~grop~,抓,1,,
1251,~gross~,adj. 总共的；粗野的；恶劣的大,4,,
1252,~gru~,聚集，联合，合并,17,,
1253,~gr~,生长，增加,338,,
1254,~guar~,注意，保护,8,,
1255,~gubern~,管理,0,,
1256,~guer~,战争，搞乱，混,3,,
1257,~gurg~,喉咙,1,,
1258,~gymn~,裸露,3,,
1259,~gynaeco~,woman，female妇女，雌,1,,
1260,~gynec~,"表示“妇女”""",0,,
1261,~gyn~,妇女,1,,
1262,~gyro~,n. 陀螺仪，回转仪，陀螺whirl，ring旋转，环,0,,
1263,~gyr~,转,3,,
1264,~habit~,live；dwell；hold；n. 习惯；习性居住；有,14,,
1265,~hab~,给，接受，有,25,,
1266,~haemat~,血,0,,
1267,~haem~,n. 血红素血液,0,,
1268,~hagi~,holy，saint神圣，圣徒,0,,
1269,~hale~,v. 强拉； 硬拖呼吸,5,,
1270,~halit~,呼吸,1,,
1271,~hal~,呼吸,42,,
1272,~hap~,n.偶然，机会，运气；运气,22,,
1273,~hara~,磨，擦，刮，涂,11,,
1274,~harmon~,concord，harmony和谐，和声,3,,
1275,~harm~,vt. 伤害；危害；损害适合,12,,
1276,~harv~,采，摘，收获,2,,
1277,~har~,战争，军队；硬,94,,
1278,~hast~,v. 第二人称单数现在式抽水,9,,
1279,~haught~,high (高）,1,,
1280,~haust~,拖，拉,5,,
1281,~haut~,高,1,,
1282,~hav~,抓，取，拥有,15,,
1283,~haws~,粗绳，拖，拉,1,,
1284,~heal~,v. 治愈完整，无损伤，健康,7,,
1285,~heav~,抓，取,8,,
1286,~hec~,保持，抓，暂停,10,,
1287,~hedon~,愉快,3,,
1288,~hedron~,...面体,0,,
1289,~hedr~,侧面,1,,
1290,~hein~,odious (可恨的）,1,,
1291,~helic~,螺旋,1,,
1292,~helio~,太阳,1,,
1293,~hel~,太阳，日,33,,
1294,~hemato~,血,0,,
1295,~hemat~,血,6,,
1296,~hema~,血,7,,
1297,~hemer~,day (一天）,1,,
1298,~hemo~,血,5,,
1299,~hem~,n. 边缘，折边，哼声血,42,,
1300,~hend~,抓，取，拿,3,,
1301,~hens~,抓，取，拿,10,,
1302,~herb~,n.草本植物；药草；香草草,6,,
1303,~hered~,继承,2,,
1304,~here~,adv. 在这里；此时粘着,44,,
1305,~herit~,继承,3,,
1306,~her~,to stick；她的粘住；继承人,193,,
1307,~hes~,to stick；粘着,26,,
1308,~heur~,发现,0,,
1309,~hex~,n. 魔女； 十六进位六,2,,
1310,~hibern~,冬天,2,,
1311,~hibit~,拿，持,10,,
1312,~hib~,给，接受，有,15,,
1313,~hid~,v.隐藏(hide的过去式 )盖，藏,7,,
1314,~hilar~,快乐的,4,,
1315,~hing~,悬挂,25,,
1316,~hipp~,马,4,,
1317,~hoars~,热,1,,
1318,~hod~,n. 木制容器，煤斗，装木炭容器路,11,,
1319,~hol~,完整，无损伤，健康；遮盖，隐藏,65,,
1320,~hom~,人,36,,
1321,~hones~,尊敬，荣誉,3,,
1322,~hop~,v.单脚跳，跳,23,,
1323,~horr~,发抖；怕,6,,
1324,~hors~,跳,5,,
1325,~hort~,表示“鼓励”,17,,
1326,~hor~,角，头,74,,
1327,~hospit~,guest；客人,5,,
1328,~hosp~,客人,12,,
1329,~host~,n. 主人客人,7,,
1330,~hos~,粗绳，拖，拉,27,,
1331,~hous~,盖，藏,17,,
1332,~hug~,vt. 拥抱；紧抱；抱有，坚持，高,4,,
1333,~human~,adj. 人类的人；地面；土地,11,,
1334,~hum~,earth；ground；v. 作嗡嗡声；哼唱人；地面；土地,32,,
1335,~hund~,百，百分之一,6,,
1336,~hur~,战争，军队；角，头,17,,
1337,~hus~,盖，藏,13,,
1338,~hut~,n.小屋；棚屋，盖，藏,5,,
1339,~hydra~,n. 九头怪蛇水,9,,
1340,~hydro~,n. 水疗医院水,17,,
1341,~hydr~,water；水,26,,
1342,~hygi~,卫生,1,,
1343,~hypno~,睡觉,1,,
1344,~hypn~,睡觉,1,,
1345,~iatr~,医生,5,,
1346,~ichno~,足迹,0,,
1347,~ichthy~,鱼,1,,
1348,~icon~,n．图像符号；图标形象；偶像,10,,
1349,~ident~,相同,29,,
1350,~iden~,相同,40,,
1351,~ideo~,"表示“思想，观点”""",7,,
1352,~ide~,"表示""思想，观点""""",175,,
1353,~idio~,个人的；独特的,7,,
1354,~idol~,n.偶像，被崇拜的人形象，偶像,5,,
1355,~ifice~,做成……；使……成为,7,,
1356,~ign~,火,63,,
1357,~ig~,行为；行动,376,,
1358,~imag~,想象，相象，肖像,8,,
1359,~imit~,表示“想象，相象”,15,,
1360,~imper~,表示“命令，统治”,19,,
1361,~im~,主张,469,,
1362,~incip~,begin（开始）,5,,
1363,~initi~,开始,9,,
1364,~insul~,岛,9,,
1365,~integr~,整，全,6,,
1366,~intim~,inmost（内心的）,4,,
1367,~intr~,内,20,,
1368,~iod~,碘,9,,
1369,~iqu~,相同，相同,26,,
1370,~irr~,anger生气,32,,
1371,~isl~,岛,18,,
1372,~isol~,island（岛）,2,,
1373,~isthm~,narrow pass（狭道）,1,,
1374,~ite~,走,122,,
1375,~it~,to go；它走,1102,,
1376,~ivor~,象牙,9,,
1377,~jacul~,javelin（标枪）,1,,
1378,~jac~,throw；投掷，扔,8,,
1379,~jan~,门,1,,
1380,~jeal~,热心，寻求，要求，想要,2,,
1381,~ject~,throw；投掷，扔,26,,
1382,~jec~,throw；投掷；放,26,,
1383,~jet~,v. 喷出，射出投掷，扔,2,,
1384,~jew~,n. 犹太人说，说笑，玩,4,,
1385,~joc~,表示“笑话”,4,,
1386,~join~,join；connect；v.参加，加入加入，结合，连接,9,,
1387,~jok~,说，说笑，玩,1,,
1388,~joll~,judge，law评判，法律；joke快活，喜悦,1,,
1389,~journ~,日期，日，发光,8,,
1390,~jour~,n. 杂志，学报；日记账 日，一天,8,,
1391,~jov~,朱庇特主神；木星；欢乐、祥和,1,,
1392,~jubil~,shout of joy（欢呼）,2,,
1393,~judg~,判断,3,,
1394,~judice~,判断,1,,
1395,~judic~,判断,6,,
1396,~jud~,判断,9,,
1397,~jug~,n. 水壶说，说笑，玩,7,,
1398,~junct~,join；connect；加入；连接,7,,
1399,~junc~,加入；增加；联合,7,,
1400,~jun~,年少，年轻,14,,
1401,~jure~,发誓；法津,4,,
1402,~juris~,【法】 权力的，法律的法律；正当的,2,,
1403,~jur~,发誓；法津,13,,
1404,~just~,adj.正义的，公正的，正确的法律；正当的,14,,
1405,~jus~,n. 法 法律，公正，判断,14,,
1406,~juven~,年轻的,2,,
1407,~juv~,年少，年轻,2,,
1408,~ju~,判断；审判,71,,
1409,~kinemat~,move运动,0,,
1410,~kines~,move运动,1,,
1411,~kinet~,move运动,2,,
1412,~kine~,n. 雌牛 活动,3,,
1413,~kitch~,烹，调，使熟,2,,
1414,~klept~,盗窃,1,,
1415,~kn~,夹，挤，压,35,,
1416,~labi~,唇,2,,
1417,~labor~,to work；n.&v.(=labour)工作工作,15,,
1418,~labour~,vi. 劳动；分娩做,2,,
1419,~labo~,工作,17,,
1420,~lab~,n.实验室，抓；松，滑,39,,
1421,~lacer~,n. 胶带接合机torn（撕开）,2,,
1422,~lacto~,人,1,,
1423,~lact~,牛奶；乳汁,3,,
1424,~lac~,n. 紫胶，十万，许多牛奶,61,,
1425,~lag~,n. 落后湖,30,,
1426,~lak~,湖,5,,
1427,~lamell~,薄片，层,0,,
1428,~lamin~,薄片，层,3,,
1429,~lanc~,瘦长的；矛，枪；投掷，抛,21,,
1430,~land~,n. 国土；陆地土地,59,,
1431,~langu~,舌头；语言,4,,
1432,~lang~,舌头；语言,8,,
1433,~lapid~,石头,4,,
1434,~lapil~,石头,0,,
1435,~lapi~,石头,5,,
1436,~lapse~,n. 失效；流逝滑落,4,,
1437,~laps~,滑；滑行,6,,
1438,~lap~,n.腰以下到膝部分：大腿，松，滑,20,,
1439,~larg~,大，丰富,6,,
1440,~laryng~,咽喉,0,,
1441,~lass~,n. 小女孩，少女；情人倦,23,,
1442,~las~,轨迹，跑道,63,,
1443,~later~,a. 更迟的，后面的；边；侧面,8,,
1444,~late~,adv. 晚；迟；最近 拿出，带出,99,,
1445,~latry~,崇拜,1,,
1446,~latr~,崇拜,2,,
1447,~lat~,to carry；拿出，带出,200,,
1448,~launc~,投；抛；掷,1,,
1449,~laund~,洗,1,,
1450,~lau~,洗,20,,
1451,~lav~,to wash；n. 盥洗室，厕所，洗手间，洗脸盆洗,16,,
1452,~law~,n. 法律；规律法律，放,9,,
1453,~lax~,adj.松的，松懈的，不严格的放松；松开,6,,
1454,~lay~,vt. 躺下；产卵；搁放放,28,,
1455,~laz~,拖，拖延,9,,
1456,~la~,人；人类,859,,
1457,~leag~,绑，捆，束,4,,
1458,~lear~,轨迹，跑道,12,,
1459,~leas~,松,13,,
1460,~leav~,爱，关心,5,,
1461,~lect~,slect；gather；选择；聚集；读；说,63,,
1462,~lec~,诱使entice,72,,
1463,~lega~,指定；任命；送,10,,
1464,~legis~,法律,5,,
1465,~leg~,law；腿选择；聚集；读；指定；送；法律,43,,
1466,~leis~,合法,4,,
1467,~lem~,抓,37,,
1468,~leng~,长,8,,
1469,~len~,离开,84,,
1470,~leon~,狮子,5,,
1471,~lep~,"表示""思想，观点""""",5,,
1472,~leth~,oblivion（遗忘）,5,,
1473,~let~,vi.出租,70,,
1474,~leuc~,白,0,,
1475,~leuk~,白,0,,
1476,~levi~,提高；轻的,5,,
1477,~levo~,"表示""思想，观点""""",1,,
1478,~lev~,raise；lighten；提高；轻的；升,25,,
1479,~lex~,n. 法； 法律体系表示“词汇”,16,,
1480,~lg~,痛,22,,
1481,~libert~,自由,2,,
1482,~liber~,free；n.书籍，登记册自由的,11,,
1483,~libr~,表示“书”,7,,
1484,~lib~,书,31,,
1485,~licen~,表示“允许”,3,,
1486,~lict~,离开；遗留,8,,
1487,~lic~,to be permitted；被允许；诱使,108,,
1488,~lide~,行为；行动,7,,
1489,~lid~,n. 盖子，限制，眼睑击，击打,27,,
1490,~lief~,ad. 欣喜，宁愿a. 乐意的提高；轻的,2,,
1491,~liev~,轻，上升，提起,6,,
1492,~lif~,剥落，折断，除去；生命，生存,36,,
1493,~lign~,线,7,,
1494,~lig~,选择，收集，绑；诱使,71,,
1495,~limin~,在…里面,4,,
1496,~lim~,"表示""门槛，限制""""",45,,
1497,~lingu~,language；舌头；语言,6,,
1498,~linqu~,离开；遗留,3,,
1499,~linq~,离开,3,,
1500,~lin~,线,168,,
1501,~lips~,离开,5,,
1502,~lip~,n. 唇，口缘离开leave,22,,
1503,~liqu~,液体,6,,
1504,~lis~,【法】 诉讼事件，争执，起诉击，击打,124,,
1505,~liter~,n.(容量单位)升字母；文字,14,,
1506,~lite~,adj. 清淡的 岩石,21,,
1507,~lith~,石头,16,,
1508,~litig~,法律,3,,
1509,~liver~,n. 肝脏自由,5,,
1510,~live~,adj.活的，生动的提高,14,,
1511,~liv~,活；生命，生存,23,,
1512,~li~,bind，tie捆，绑，束，结,1099,,
1513,~loco~,n. 火车头；疯子；疯草病地方,4,,
1514,~locut~,说话,6,,
1515,~locu~,speak；说话,8,,
1516,~loc~,place；地方,46,,
1517,~loft~,n. 阁楼；顶楼；鸽房sky（天空）,3,,
1518,~lof~,升起，举起；放松,3,,
1519,~logue~,说话,7,,
1520,~logu~,说话,7,,
1521,~logy~,a. 迟缓的，呆呆的~学；~论,50,,
1522,~log~,走,130,,
1523,~long~,adj. 长的；过长的长的,17,,
1524,~loos~,松，分开,4,,
1525,~lop~,v. 砍跳,24,,
1526,~loqu~,speak；说话,13,,
1527,~los~,松，分开，分离,34,,
1528,~lot~,走,31,,
1529,~loung~,长,2,,
1530,~lov~,爱，关心,11,,
1531,~low~,adj.低的；放,56,,
1532,~lubric~,slip（滑）,3,,
1533,~lubr~,滑,4,,
1534,~lucr~,钱财,2,,
1535,~luct~,斗争，挣扎,6,,
1536,~luc~,light；明亮的,21,,
1537,~lude~,扮演；游戏,12,,
1538,~lud~,to play；扮演；游戏,15,,
1539,~lug~,vt.用力拖拉 n. 支托；接线片悲伤,11,,
1540,~lumb~,柔弱的，边缘，木材，沉重的坠落声,7,,
1541,~lumin~,光,13,,
1542,~lum~,光,48,,
1543,~lun~,月亮,15,,
1544,~lup~,wolf（狼）,1,,
1545,~lustr~,光,6,,
1546,~lust~,n. 贪欲，欲望，色欲 明亮的,15,,
1547,~lus~,to play；光；演戏,50,,
1548,~lut~,洗；松，分开，分离,36,,
1549,~luv~,洗，冲洗，流,4,,
1550,~lux~,光，弯，转，缠绕,6,,
1551,~lu~,洗，流,280,,
1552,~lyr~,lute（笛子）,4,,
1553,~lyse~,vt.vi. 溶解，溶化放松；松开,2,,
1554,~lyst~,裂开，分解,3,,
1555,~lys~,分解,15,,
1556,~lyt~,分解；放松,6,,
1557,~machin~,n. 长尾猕猴，食蟹猴engine机器，机械,3,,
1558,~mach~,n. 机器； 计算机表示“机器”,5,,
1559,~maci~,lean (瘦),4,,
1560,~macr~,long，big长，大宏,1,,
1561,~macul~,spot (斑点),3,,
1562,~mac~,n. 防水胶布，雨衣，老兄，老弟薄的；瘦的,27,,
1563,~magnet~,n. 磁铁磁,9,,
1564,~magn~,great；很大的,18,,
1565,~mag~,能，力，大，强力,41,,
1566,~maha~,伟大的,0,,
1567,~main~,a.主要的停留；手,14,,
1568,~maj~,great；很大的,4,,
1569,~mak~,揉，制，造，适合,18,,
1570,~malle~,锤子,3,,
1571,~mall~,n. 购物商场；林荫路hammer（锤子）,10,,
1572,~mal~,【医】 [疾]病,64,,
1573,~mammo~,乳房,1,,
1574,~mamm~,乳房,3,,
1575,~mancer~,占卜者,1,,
1576,~mancy~,占卜,1,,
1577,~mand~,to order；命令；委托,16,,
1578,~mania~,n.狂热，癖好疯狂,8,,
1579,~manu~,手,6,,
1580,~man~,by hand；n. 人；男人停留；手,154,,
1581,~marc~,n. 榨渣标志,2,,
1582,~marg~,记号，标记，边界,4,,
1583,~marin~,海,3,,
1584,~marit~,婚姻,2,,
1585,~mari~,sea；海,12,,
1586,~mark~,n.记号；痕迹做记号；边界,15,,
1587,~mar~,vt. 损毁；损伤；糟蹋；玷污海,71,,
1588,~mascul~,male（雄性）,2,,
1589,~masc~,男人,2,,
1590,~mastic~,n. 乳香；乳香脂；胶泥嚼,1,,
1591,~mast~,n. 桅，桅杆，杆乳房,9,,
1592,~mas~,男,29,,
1593,~matern~,母亲,1,,
1594,~mater~,n. 母亲； 妈妈母亲,5,,
1595,~matri~,母亲,5,,
1596,~matr~,母亲,6,,
1597,~matur~,成熟，早,7,,
1598,~mat~,n. 地席动,136,,
1599,~maun~,"表示“手”""",1,,
1600,~max~,great；n. 最大很大的,5,,
1601,~may~,n.aux. 可能，能，力，大，强力,5,,
1602,~maz~,乳房；迷惑,5,,
1603,~meas~,测量,8,,
1604,~mea~,草；经过,34,,
1605,~mechan~,机器,7,,
1606,~mech~,表示“机器”,7,,
1607,~medic~,n. 医学工作者，医科学生heal医疗，治疗，康复,5,,
1608,~medit~,ponder（思考）,6,,
1609,~medi~,中间的,27,,
1610,~medl~,mic（混合）,1,,
1611,~med~,治疗,44,,
1612,~megalo~,巨大,2,,
1613,~megal~,enormous特大,2,,
1614,~mega~,【计】 兆； 百万大,4,,
1615,~meg~,大,5,,
1616,~melan~,黑色的,4,,
1617,~melior~,better（更好）,1,,
1618,~mell~,honey（蜜）,5,,
1619,~mel~,磨，碾，软；坏，恶，不良，苹果,43,,
1620,~member~,成员memnory记忆,4,,
1621,~memb~,记忆,6,,
1622,~memor~,remember；记得,7,,
1623,~mem~,记忆,18,,
1624,~mendic~,beg（乞讨）,1,,
1625,~mend~,to order；v.修理，修补改错；命令；委托,12,,
1626,~mens~,【医】 精神，意志月；测量,10,,
1627,~ment~,思考；心智；记忆,221,,
1628,~men~,n. 男人，人类（man的复数）月；引导,264,,
1629,~merch~,贸易；报酬,3,,
1630,~merc~,to trade；贸易；报酬,14,,
1631,~merge~,v.合并，结合，融合沉浸；浸泡,6,,
1632,~merg~,沉，没,6,,
1633,~merit~,n. 优点，功绩，价值应得；获得,5,,
1634,~meri~,中间,19,,
1635,~merse~,海；沉，浸,2,,
1636,~mers~,沉浸；浸泡,5,,
1637,~mer~,闪现，光线；海，水池,98,,
1638,~meso~,中间,2,,
1639,~mess~,n. 食堂，伙食，用膳：送；投；掷,4,,
1640,~mes~,vi.出租,30,,
1641,~meter~,n.米，公尺，计，表，测量,16,3,
1642,~metr~,to measure；测量,20,3,
1643,~mezz~,一半,0,,
1644,~me~,我(宾格)，走；模式；量度；医治；妈,747,,
1645,~migra~,移动；流浪,10,,
1646,~migr~,to move；移动；流浪,10,3,
1647,~milit~,vi.出租,7,,
1648,~mill~,n. 磨坊； 磨臼千,10,,
1649,~mil~,n. 密耳； 毫升磨，碾，软,44,,
1650,~mim~,模仿imitate,6,,
1651,~mind~,n. 理智，精神；；记忆力记忆,7,,
1652,~ming~,混合,21,,
1653,~minis~,serve，manage服务，管理,11,,
1654,~mini~,adj. 微型的；袖珍的，小的,25,,
1655,~min~,突出；小的；伸,177,,
1656,~mir~,to wonder；惊奇，惊异,14,,
1657,~misce~,混合，混杂,1,,
1658,~misc~,【计】 杂类新闻组混合，混杂,8,,
1659,~miser~,n. 守财奴表示“可怜的”,5,,
1660,~miss~,send；throw；n.过错，避免，失败，小姐，姑娘送；释放,27,,
1661,~mis~,送；释放,111,3,
1662,~mit~,send；throw；送；释放,69,,
1663,~mix~,n.混合混合,3,,
1664,~mnemon~,【计】 记忆单元memnory记忆,1,,
1665,~mnem~,表示“记忆”,1,,
1666,~mnes~,表示“记忆”,3,,
1667,~mne~,记得remember,6,,
1668,~mob~,to move；change；n.一伙人；一群暴徒移动,10,3,
1669,~moc~,扮鬼脸；遮掩，作假,6,,
1670,~mod~,manner；a. 现代派的，时髦的方式，模式，风度,37,,
1671,~moll~,n. 情妇，妓女软,4,,
1672,~mol~,n. 摩尔，克分子饭；堆,24,,
1673,~mom~,n. 妈妈动,9,,
1674,~mong~,n. 杂种狗混合,5,,
1675,~monit~,"表示“警告”""",4,,
1676,~moni~,提醒；监视,19,,
1677,~monstr~,表示“显示”,6,,
1678,~mont~,山hill，rise,4,,
1679,~mon~,to advise；to remind；等于Monday星期一劝告；吃,92,,
1680,~morb~,disease（病）,1,,
1681,~mord~,表示”咬“,4,,
1682,~morph~,shaper；【计】 形态，词态形状；形态,7,,
1683,~mors~,表示”咬“,3,,
1684,~mort~,death；n. 通知猎物已死的号角声，很多死亡,10,,
1685,~mor~,custom；death；n. 粗腐殖质风俗，习俗,77,,
1686,~mot~,to move；change；n.警句移动,42,,
1687,~mount~,n.乘用马，衬纸，山，装配山；上升,10,,
1688,~mous~,鼠,18,,
1689,~mov~,to move；change；移动,7,,
1690,~mo~,妈，母亲,412,,
1691,~mucil~,粘，粘液,0,,
1692,~muc~,粘，粘液,3,,
1693,~mud~,n. 泥；烂泥；泥浆，混乱的，粘液的，湿,7,,
1694,~mug~,adj. 长的；过长的长的,4,,
1695,~mund~,world世界,3,,
1696,~mune~,手；公共，服务,6,,
1697,~muni~,公共的,18,,
1698,~mun~,公共的；服务；吃,31,,
1699,~murd~,死，伤害，咬，擦,3,,
1700,~mur~,wall；墙壁,11,,
1701,~muscl~,肌,1,,
1702,~muscul~,adj. 长的；过长的长的,2,,
1703,~mus~,鼠；想；粘液的，湿，滑的；娱乐,26,,
1704,~mut~,to move；change；改变,22,,
1705,~myc~,真菌,2,,
1706,~myel~,【医】 脊髓髓,0,,
1707,~myri~,一万，无数,1,,
1708,~myst~,神秘,8,,
1709,~my~,我的muscle肌,51,,
1710,~naiss~,出生，产生,2,,
1711,~nai~,to be born；出生,12,,
1712,~nak~,裸露,3,,
1713,~nam~,名,20,,
1714,~nano~,十亿分之一,0,,
1715,~narco~,麻木,2,,
1716,~narc~,麻木；昏迷,9,,
1717,~nar~,知道；鼻子,56,,
1718,~nasc~,to be born；出生,2,,
1719,~nas~,鼻子,14,,
1720,~nat~,to be born；出生；天生,169,,
1721,~naus~,表示“船”,3,,
1722,~naut~,"表示“船”，引申为“海员”""",5,,
1723,~nau~,船,11,,
1724,~nav~,ship；船,15,,
1725,~nebul~,云；雾,3,,
1726,~necro~,死亡；死的,2,,
1727,~necr~,die，corpse死，死尸,2,,
1728,~nect~,绑；连接,9,3,
1729,~nec~,kill（杀）,26,3,
1730,~negat~,deny（否认）,5,,
1731,~negr~,黑,1,,
1732,~neg~,否认；非；不,19,,
1733,~neigh~,n. 马嘶声接近，近,5,,
1734,~nei~,附近,10,,
1735,~neo~,new,21,,
1736,~nepot~,侄子，外甥,1,,
1737,~nerv~,神经,3,,
1738,~nes~,岛屿,144,,
1739,~net~,n.网 vt. 用网捕，连接，绑，系，缝,46,,
1740,~neuro~,神经,6,,
1741,~neur~,表示“神经”,11,3,
1742,~neutr~,两者都不；中,5,,
1743,~neut~,中间，医药,5,,
1744,~nex~,【医】 [疾]病,18,,
1745,~nic~,毒,85,,
1746,~nigri~,黑,0,,
1747,~nigr~,黑,1,,
1748,~nihil~,n.虚无，毫无价值之物什么也没有,3,,
1749,~nin~,九,65,,
1750,~nitro~,硝石,1,,
1751,~nitr~,硝基；氮,3,,
1752,~niv~,by hand；n. 人；男人停留；手,14,,
1753,~noct~,夜晚,1,,
1754,~noc~,hurt；夜；伤害，毒,15,,
1755,~nois~,名字，说话；知道,6,,
1756,~nomen~,n. 第二名； 族名名字,4,,
1757,~nomin~,名字,8,,
1758,~nomi~,名字,19,,
1759,~nom~,法则；标准；部分；名字,44,3,
1760,~norm~,rule；n.标准，准则规则；标准,10,,
1761,~nost~,by hand；n. 人；男人停留；手,7,,
1762,~nos~,鼻子,16,,
1763,~not~,adv.不；不是的标示；记号；知道,40,,
1764,~nounce~,报告；讲话，说出,7,,
1765,~nounc~,报告；讲话，说出,7,,
1766,~nour~,滋养，养,6,,
1767,~nov~,new；新的,13,,
1768,~nown~,名字，说话；名声,4,,
1769,~now~,adv.现在；新,25,,
1770,~nox~,伤害；夜晚,4,,
1771,~nucle~,核,6,,
1772,~nuc~,坚果，核,8,,
1773,~nud~,裸露,3,,
1774,~nugator~,trifle（烦事）,1,,
1775,~nul~,什么也没有,6,,
1776,~numer~,数字；计算,9,,
1777,~numisma~,钱币,2,,
1778,~num~,分配，数，抓取,23,,
1779,~nuncil~,speak说,0,,
1780,~nunci~,报告；说,6,,
1781,~nunc~,讲话，说出,6,,
1782,~nupti~,wedding（婚礼）,1,,
1783,~nupt~,婚姻,1,,
1784,~nurs~,治疗,3,,
1785,~nurt~,滋养，营养,1,,
1786,~nur~,滋养，养,12,,
1787,~nutrit~,【计】 兆； 百万大,8,,
1788,~nutri~,to nourish；营养,11,3,
1789,~nutr~,营养,11,,
1790,~nu~,n. 希腊字母第13字nod（点头）,154,,
1791,~nym~,name；名,10,3,
1792,~obed~,obey（服从）,2,,
1793,~obes~,fat（肥）,2,,
1794,~obliv~,forget（忘记）,2,,
1795,~obsol~,decay（腐烂）,2,,
1796,~oculo~,eye眼,0,,
1797,~ocul~,眼睛,3,,
1798,~ode~,n.颂诗，赋歌曲；诗歌,46,,
1799,~odi~,hate（恨）,37,,
1800,~odont~,牙,1,,
1801,~odor~,思考；心智；记忆,5,,
1802,~odyn~,pain（痛）,5,,
1803,~od~,n.自然力歌曲；路,230,,
1804,~oint~,油,22,,
1805,~olesc~,形成becoming，growing,3,,
1806,~oleum~,n. 发烟硫酸油,2,,
1807,~ole~,oil（油）,73,,
1808,~olfact~,scent（味）,2,,
1809,~oligo~,很少,0,,
1810,~olig~,思考；心智；记忆,2,,
1811,~oll~,neck（脖子）,81,,
1812,~ology~,学科,45,,
1813,~ol~,滋养；气味，闻,592,,
1814,~omin~,预兆,33,,
1815,~omphal~,脐,0,,
1816,~oneir~,dream梦,0,,
1817,~oner~,负担,11,,
1818,~onom~,名字,19,,
1819,~onto~,prep.在…上面；到…上面个体,8,,
1820,~onym~,name；【医】 术语名字,8,3,
1821,~oo~,蛋；卵,269,3,
1822,~oper~,to work；工作；做,19,,
1823,~ophio~,蛇,0,,
1824,~ophi~,snake蛇,12,,
1825,~opin~,看,3,,
1826,~opi~,视，光；观点,30,3,
1827,~opl~,armor（盔甲）,10,,
1828,~ops~,sight，light视，光,7,3,
1829,~optim~,表示“最好”,7,,
1830,~opto~,眼睛；视力,1,,
1831,~opt~,v.选择选择；希望；眼睛；视力,21,,
1832,~orama~,视力,1,,
1833,~oram~,景,3,,
1834,~orat~,"表示“嘴，说”""",44,,
1835,~ora~,to speak；【医】 缘，口说；祷告,105,,
1836,~orbit~,送；释放,3,,
1837,~orb~,n. 球，天体圆circle，track,12,,
1838,~order~,点菜秩序,6,,
1839,~ordin~,秩序,14,,
1840,~ord~,秩序，拼凑，适合，连接，接合,61,,
1841,~organ~,n. 器官；机构；风琴身体,16,,
1842,~org~,做，工作，功，工具,30,,
1843,~orig~,"表示“升起，开始”""",8,,
1844,~ori~,to rise；太阳升起；上升；开始；起源,106,,
1845,~orna~,装饰；使配备家具,5,,
1846,~ornitho~,鸟,2,,
1847,~ornith~,bird（鸟）,2,,
1848,~orn~,to decorate；装饰；使配备家具,46,3,
1849,~orot~,洪亮的，圆润的,1,,
1850,~oro~,口,47,,
1851,~orph~,出去,9,3,
1852,~ortho~,直的；正确的；正,4,,
1853,~orth~,直,26,,
1854,~ort~,升起,162,,
1855,~oscill~,swing摆动,1,,
1856,~oscul~,to advise；to remind；等于Monday星期一劝告；吃,0,,
1857,~oss~,骨头,54,,
1858,~ostens~,appear（出现）,1,,
1859,~osteo~,骨头,0,,
1860,~ostrac~,tile（瓦片）,2,,
1861,~ost~,骨,83,,
1862,~os~,n. 骨，孔，穴裂口口，嘴,380,,
1863,~ot~,表示“耳朵”,367,,
1864,~ovari~,卵巢,0,,
1865,~ovo~,【医】 卵，蛋卵，蛋,4,,
1866,~ov~,蛋；卵,198,,
1867,~own~,自己的；拥有,36,,
1868,~oxy~,氧,5,,
1869,~ox~,氧,45,,
1870,~pachy~,thick（厚）,0,,
1871,~paci~,和平，平静,13,,
1872,~pact~,n.协定，条约同意；系紧,5,,
1873,~pac~,peace；和平,33,,
1874,~pad~,n.垫子，便笺薄踏，走，去,4,,
1875,~paed~,child儿童,1,,
1876,~pag~,固定,11,,
1877,~paht~,疾病，疗法,0,,
1878,~pair~,产生，获得，准备，装配,5,,
1879,~paleo~,表示:”古，旧”,4,,
1880,~pale~,adj. 苍白的；无力的；暗淡的旧，古,8,,
1881,~pali~,再次,3,,
1882,~pall~,n. 棺罩，vi. 乏味苍白pale,7,,
1883,~palp~,n. 触须，须肢接触touch,3,,
1884,~pal~,n.(口)好朋友；同志，紧，固，约定,38,3,
1885,~pand~,展开，伸展，膨胀,5,,
1886,~pans~,展开，伸展,4,,
1887,~pan~,n.平底锅面包,56,,
1888,~pap~,n. 奶头，乳头状物，软食爸爸,6,,
1889,~pare~,v. 剥，修安排，装配，二,14,,
1890,~parl~,说，谈,5,,
1891,~parti~,n. 理想配偶部分；分开,16,,
1892,~part~,n.部分，局部，零件，角色部分；分开,34,,
1893,~par~,n. 标准准备；相等的；出现；生,132,,
1894,~passi~,受苦；感情,10,,
1895,~pass~,feling；n. 及格；经过；护照；途径通过；忍受,26,,
1896,~past~,prep.(时间)超过食物，喂养，保护,14,,
1897,~pater~,n. 父亲父，祖,1,,
1898,~pathy~,受苦；感情,5,,
1899,~path~,feling；n. 道路；小路；轨道受苦；感情,18,,
1900,~pati~,feling；受苦；感情,18,,
1901,~patri~,father；父,12,,
1902,~patro~,父,4,,
1903,~patr~,father；父,16,,
1904,~pat~,n.轻拍，忍受，感情，伤害；步，走步，伸,76,,
1905,~paus~,停止,1,,
1906,~pay~,v.付钱；支付，紧，固，牢，约定,7,,
1907,~peac~,紧，固，牢，约定,9,,
1908,~pear~,n. 梨树；梨子出现,12,,
1909,~peas~,peace；和平的，同意的,2,,
1910,~peat~,n. 泥煤，泥煤块追求，冲，飞,4,,
1911,~pecc~,惩罚，罪,3,,
1912,~pecu~,钱,10,3,
1913,~pec~,斑点；自己,76,,
1914,~pedi~,foot脚,11,3,
1915,~pedo~,小孩,1,,
1916,~ped~,foot；child；脚；小孩,36,3,
1917,~pelag~,海,2,,
1918,~pel~,to move or drive；【计】 象素驱动；驱赶,30,3,
1919,~pend~,hang；vi. 悬而未决，待定悬挂；衡量,32,,
1920,~penn~,羽毛,3,,
1921,~pens~,钢笔(复数)悬挂；衡量,17,,
1922,~pent~,a. 被关禁的，被关起来的n. 单斜顶棚道歉,8,,
1923,~pen~,to punish；n. 围栏，钢笔，作家处罚,95,3,
1924,~peps~,消化,1,,
1925,~pept~,消化,2,,
1926,~peri~,n. 美丽仙女通过；尝试,33,,
1927,~pers~,个人，个人财产，特有的,46,,
1928,~pess~,毁灭，沉沦,3,,
1929,~petit~,【法】 小的，轻的寻求,10,3,
1930,~petri~,石头,2,,
1931,~petro~,stone；石头,5,,
1932,~petr~,stone；石头,7,3,
1933,~pet~,to seek；vi.拥抱，爱抚，生气，发脾气飞；寻求,44,3,
1934,~phage~,n. 噬菌吃,1,,
1935,~phag~,吃,2,,
1936,~phall~,阴茎,0,,
1937,~phant~,出现；显现,5,,
1938,~phan~,【医】 表象，显象出现；显现,8,,
1939,~pharmac~,药,3,,
1940,~phas~,光，显示,4,,
1941,~phat~,光，显示,3,,
1942,~pha~,说,34,,
1943,~phem~,speech（讲话）,4,,
1944,~phen~,光，显示,4,,
1945,~pher~,bring（带来）,33,,
1946,~phe~,声音；说,49,,
1947,~philo~,爱,5,,
1948,~phil~,爱,13,3,
1949,~phlegma~,冷淡，痰,1,,
1950,~phobia~,n. 恐怖病，恐怖症恐惧,3,,
1951,~phob~,怕,4,,
1952,~phon~,sound；n. 方(响度级的单位)声音；说,17,,
1953,~phor~,表示“带来”,7,,
1954,~phosph~,磷，磷光,3,,
1955,~phos~,光,4,,
1956,~photo~,照片光,14,,
1957,~phot~,n. 辐透光,14,,
1958,~phras~,想,4,,
1959,~phren~,【医】 膈，精神，意志心；精神,0,,
1960,~phu~,说say，speak,1,,
1961,~phyll~,叶,1,,
1962,~phyl~,种族,2,,
1963,~physi~,自然,13,,
1964,~phys~,自然,13,,
1965,~phyt~,植物,3,,
1966,~phy~,存在，生长，居住,40,,
1967,~ph~,说,244,,
1968,~pian~,轻柔,6,,
1969,~pico~,百万兆分之一,0,,
1970,~pict~,绘画；图画,6,,
1971,~piec~,片，块，小,7,,
1972,~pig~,n.猪paint画，描绘,5,,
1973,~pilf~,偷，掠夺,1,,
1974,~pil~,毛发；柱,19,,
1975,~ping~,n. 砰(子弹击中时的声音)fasten（系紧）,8,,
1976,~pinn~,羽毛,3,,
1977,~pir~,通过；尝试；经历；试验，冒险,33,,
1978,~pisci~,鱼,0,,
1979,~pisc~,表示“鱼”,2,,
1980,~pit~,n. 矿井；深坑；陷阱，肥，胀,44,,
1981,~pi~,n. 圆周率忠诚，献身；神圣,301,,
1982,~plac~,to please；取悦；高兴；镇定，安慰,19,,
1983,~plagi~,歪，斜,2,,
1984,~plag~,悲，打击,3,,
1985,~plaint~,n. 感叹；诉苦；悲叹搥胸悲痛,4,,
1986,~plain~,adj.平常的；普通的搥胸悲痛,9,,
1987,~plais~,安慰,2,,
1988,~plani~,flat，clear平坦，清楚,0,,
1989,~plant~,vt. 种植；培养；栽培植物；种植,9,,
1990,~plan~,n. 计划；平面图平易，简单,24,,
1991,~plast~,形成,4,,
1992,~plas~,形成,7,,
1993,~plat~,n. 辫子平，伸展，宽,12,,
1994,~plaud~,打击；拍手,2,,
1995,~plaus~,拍手，鼓掌,3,,
1996,~pla~,平，伸展，宽；折,96,,
1997,~pleas~,取悦,8,,
1998,~pleb~,people（人们）,1,,
1999,~pledg~,参加，保证,1,,
2000,~pleg~,麻痹,0,,
2001,~plent~,充满，完全,5,,
2002,~plen~,plenty；full；使充满；充满的,12,,
2003,~pleo~,plenty多,1,,
2004,~plete~,plenty；full；使充满；充满的,6,,
2005,~pleth~,crowdx（挤，多）,1,,
2006,~plet~,充满,11,,
2007,~plex~,【计】 丛重叠，重,5,,
2008,~ple~,plenty；full；使充满；充满的；折叠,95,,
2009,~plic~,to fold；使充满；充满的；折叠,31,,
2010,~pli~,使充满；充满的；折叠,68,,
2011,~plode~,打击；拍手,2,,
2012,~plod~,n. 沉重的步伐，辛勤工作 大声,3,,
2013,~ploit~,use使用,3,,
2014,~plore~,流出；流泪,5,,
2015,~plor~,流出；流泪,8,,
2016,~plos~,爆炸,3,,
2017,~ploy~,n. 活动(手法)折叠；使充满；充满的,8,,
2018,~plo~,折,33,,
2019,~plum~,n. 李子；梅子；洋李feather（羽毛）,7,,
2020,~plur~,更多的,3,,
2021,~plus~,加上更多的,4,,
2022,~pluto~,n. 冥王；冥王星财,3,,
2023,~plut~,财富,3,,
2024,~plu~,更多的；满,22,,
2025,~ply~,to fold；vt.（娴熟地）使用折叠；使充满；充满的,13,,
2026,~pl~,充满；折,327,,
2027,~pneuma~,n. 精神； 灵魂呼吸；肺,1,,
2028,~pneumon~,呼吸；肺,1,,
2029,~pneum~,呼吸；肺,2,,
2030,~pne~,肺；呼吸,2,,
2031,~pock~,n. 痘疮，麻子袋,2,,
2032,~pod~,n.蚕茧；豆荚 v.剥掉(豆荚)脚,9,,
2033,~poe~,做诗，创造,5,,
2034,~point~,vi. 表明；指向 n. 要点刺；(突出之)点,20,,
2035,~pois~,喝,6,,
2036,~pold~,表示“大声音”,0,,
2037,~polic~,都市；国家,3,,
2038,~polis~,古希腊城邦城市,5,,
2039,~politic~,a. 精明的，圆滑的，慎重的politice政治,6,,
2040,~polit~,都市；国家,12,,
2041,~poli~,都市；国家,21,,
2042,~poly~,many,11,,
2043,~pol~,柱；城市，国家，政治,61,,
2044,~pom~,n. 波美拉尼亚种小狗，砰的一声水果，苹果,5,,
2045,~pond~,n. 池塘 围，圈；悬挂,16,,
2046,~pont~,桥,7,,
2047,~pon~,place or put；放,49,,
2048,~popul~,people；民众；人,9,,
2049,~pop~,n. 砰的一声民众；人,14,3,
2050,~porc~,表示“猪”,4,,
2051,~portat~,运,4,,
2052,~portent~,powerful,2,,
2053,~portion~,vt. 分配分配share,10,,
2054,~portun~,大门,6,,
2055,~port~,carry；transport；n.港口，舱门，左舷，避风港运送；大门；部分,62,3,
2056,~pose~,put,28,,
2057,~posit~,v. 假定，认为put放，放置,31,,
2058,~poss~,可能的能力,12,,
2059,~poster~,n. 海报，广告；招贴后,4,,
2060,~postul~,demand（要求）,2,,
2061,~pos~,place or put；放；力量，能力，能,112,,
2062,~potam~,江,2,,
2063,~potent~,a.(药等)有效力的能，强有力的,8,,
2064,~poten~,表示“有力的”,10,,
2065,~pot~,n. 罐；壶；盆；锅喝；力量，能力，能,42,,
2066,~poul~,鸟，飞禽,1,,
2067,~pound~,n.磅，英镑，重击，鱼塘放,3,,
2068,~pover~,贫穷的poor,2,,
2069,~pow~,n.脑袋，乒强大的；有…能力的,12,,
2070,~po~,小，少,494,,
2071,~pract~,做,9,,
2072,~pragm~,做,1,,
2073,~prag~,行动，动作，做，作,1,,
2074,~prais~,价格；价值,3,,
2075,~prav~,正确,2,,
2076,~preci~,price；价值，价格,17,,
2077,~prec~,价值，价格，交易，卖,32,,
2078,~preda~,捕食；掠夺,5,,
2079,~pred~,抢夺，掠夺；战利品,25,,
2080,~pregn~,拿住,4,,
2081,~prehend~,to seize；抓住，掌握,3,,
2082,~prehens~,to seize；抓住，掌握,9,,
2083,~prem~,n.平底锅面包,13,,
2084,~presby~,老,0,,
2085,~press~,press；n.压，按，印刷，压力，拥挤压,36,,
2086,~pres~,press,75,3,
2087,~pret~,价值，价格，交易，卖,15,,
2088,~pric~,价值，价格，交易，卖,7,,
2089,~prime~,n. 标准准备；相等的；出现；生,3,,
2090,~prim~,first；adj.整洁的，一本正经的第一的,14,3,
2091,~prin~,第一的；前,23,3,
2092,~pris~,抓住,14,,
2093,~priv~,private；私人的；自己；剥脱,10,,
2094,~priz~,价值，价格，交易，卖,2,,
2095,~pri~,前，早，通过,95,,
2096,~proach~,接近,2,,
2097,~prob~,prove or proof；测验；试验；检查,16,,
2098,~proli~,offspring后裔，子孙,6,,
2099,~prol~,表示“后代，子孙”,9,,
2100,~proper~,adj.合适的，适宜的适当的；自己的,4,,
2101,~propri~,适当的；自己的,10,3,
2102,~propr~,appropriate；自已；拥有；恰当的,10,3,
2103,~prop~,自己的,41,,
2104,~prov~,测验；试验；检查,33,,
2105,~proxim~,接近,6,,
2106,~prox~,接近near,7,,
2107,~pro~,prove or proof,272,3,
2108,~psycho~,a. 心理学上的；n. 心理学灵魂；心智,7,3,
2109,~psych~,vt. 精神分析治疗，灵魂；心智,11,3,
2110,~pter~,翅,5,,
2111,~pto~,落下,11,,
2112,~publ~,民众；人,11,3,
2113,~pub~,n. 酒馆，客栈成熟的；软毛的,13,3,
2114,~pudi~,to move or drive；【计】 象素驱动；驱赶,1,,
2115,~pud~,n. (小孩的)手，前脚感到羞愧,5,,
2116,~puer~,boy（男孩）,1,,
2117,~pugn~,打架；争吵,4,,
2118,~pulchr~,美丽,2,,
2119,~puls~,to punish；n. 围栏，钢笔，作家处罚,11,,
2120,~pulver~,dust（灰尘 ）,2,,
2121,~pul~,to move or drive；粉,43,3,
2122,~punct~,n. 美丽仙女通过；尝试,6,,
2123,~punc~,尖,7,,
2124,~pung~,n. 箱型雪橇尖,2,,
2125,~pun~,to punish；n.双关语处罚,19,,
2126,~purg~,"表示""纯洁""""",5,,
2127,~purs~,钱包,3,,
2128,~pur~,纯粹的,33,3,
2129,~pusill~,mean（卑微的）,1,,
2130,~pus~,n. 脓；脓汁脚,11,3,
2131,~putat~,考虑,4,,
2132,~pute~,a. 单纯的想,9,,
2133,~putr~,表示“腐烂”,3,,
2134,~put~,to think；consider；vt. 放；表达；移动；安置；赋予想,27,,
2135,~pu~,小，少,177,,
2136,~pyro~,n. 焦酚火,1,,
2137,~pyr~,火,7,,
2138,~quad~,四,6,,
2139,~quaint~,a.离奇的；有奇趣的知道,4,,
2140,~qual~,质量,16,,
2141,~quant~,n. 船桨；数量分析专家；数量,6,,
2142,~quarant~,forty（四十）,1,,
2143,~quart~,n. 夸脱四,7,,
2144,~quar~,四,16,3,
2145,~qua~,adv. 以...的资格； 作为...多少，什么,83,,
2146,~quer~,抱怨；问,7,,
2147,~quest~,n.寻求寻求；问,12,,
2148,~ques~,询问，寻求,12,,
2149,~queu~,尾，后边；跟随,1,,
2150,~quiet~,文静的rest静,4,,
2151,~quie~,静,8,,
2152,~quil~,冷静的；休息,8,,
2153,~quip~,n. 警句船,4,,
2154,~quire~,to seek or obtain；n. 纸的一刀【化】 刀寻求,6,,
2155,~quir~,问,11,,
2156,~quisit~,问，寻求,9,,
2157,~quis~,to seek or obtain；问，寻求,13,,
2158,~quit~,to be free；vt.离开，退出；停止免除；释放,18,,
2159,~qui~,to seek or obtain；冷静的；休息,93,,
2160,~quot~,说；引证，分配,5,,
2161,~quo~,多少，什么,11,,
2162,~rabor~,表示“力量”,0,,
2163,~rab~,rage（怒）,64,,
2164,~rachi~,脊椎(骨),0,,
2165,~rac~,种族，开始，起源,121,,
2166,~radic~,根,9,,
2167,~radi~,根；光线,36,,
2168,~rad~,to scrape；刮掉；擦去；剃；辐条,70,,
2169,~rage~,n. 狂怒表示“疯狂”,27,,
2170,~rag~,n.破布，碎布，抹布，破碎，拆散，挖出,56,,
2171,~ram~,n.公羊，撞锤branch（枝）,62,,
2172,~range~,毛发；柱,14,,
2173,~rang~,v. 包围；成环形（ring的过去式）排列,19,,
2174,~rapt~,adj. 全神贯注的抓，捕，夺,4,,
2175,~rap~,n.（美）（由电子乐器伴奏的）夺取,90,3,
2176,~rar~,稀，混，煮,20,,
2177,~ras~,to scrape；刮掉；擦去,46,,
2178,~ratio~,n.比(率)理由；理性；断定,86,,
2179,~rat~,n.鼠理由；理性；断定；计算,323,,
2180,~rav~,捕，夺,43,,
2181,~raw~,a.未经加工的；粗，,21,,
2182,~raz~,刮掉；擦去；剃,11,,
2183,~real~,a.真正的；真实的现实,24,,
2184,~recti~,n. 直肌变直,9,,
2185,~rect~,straighten；统治，规定，正，直,27,3,
2186,~rec~,直的，使变直,157,3,
2187,~regn~,reign（ 王朝）,6,,
2188,~regul~,规律,12,,
2189,~reg~,straighten；统治；国王,61,,
2190,~reig~,统治；王,7,,
2191,~remn~,remain（留下）,1,,
2192,~rend~,v. 分裂，劈开，强夺给,10,,
2193,~rept~,爬行,4,,
2194,~rest~,n.休息stay（停留）,52,,
2195,~reticul~,net网,1,,
2196,~retic~,silent（安静）,5,,
2197,~reti~,net网,14,,
2198,~ret~,vt. 沤；软；网,91,,
2199,~rever~,awe（敬畏）,15,,
2200,~rheo~,流动,0,,
2201,~rhe~,flow（流）,8,,
2202,~rhin~,鼻子,2,,
2203,~rhizo~,根,0,,
2204,~rhy~,流,7,,
2205,~ridi~,笑,9,,
2206,~rid~,v.使摆脱；笑,53,3,
2207,~right~,n. 权利，正义统治，规定，正，直,19,,
2208,~righ~,统治，规定，正，直,19,,
2209,~rig~,n. 装备；钻探设备；服装统治；正直,58,,
2210,~risi~,笑,7,,
2211,~ris~,笑,99,,
2212,~rit~,刺；刺,131,3,
2213,~riv~,划，撕，切割,40,,
2214,~robor~,strengh力量,1,,
2215,~rob~,v. 抢劫，盗取破，断，裂，抢；力量,32,,
2216,~rod~,n.杆，竿咬；询问；要求,33,,
2217,~roga~,问,10,,
2218,~rog~,to ask；问,36,,
2219,~rol~,圆,52,,
2220,~rom~,罗马，浪漫,49,,
2221,~rop~,划，撕，切割,95,3,
2222,~rostr~,鸟嘴；船首,2,,
2223,~ros~,咬,67,,
2224,~rot~,vi.腐烂；堕落轮子；旋转,45,,
2225,~rous~,唤醒,66,,
2226,~rrhage~,流出，出血，溢流,1,,
2227,~rrhag~,破裂,1,,
2228,~rrhea~,流,0,,
2229,~rub~,v.摩，擦红,13,,
2230,~rud~,rude；天然的；粗糙的,26,3,
2231,~rug~,n.小地毯；毛毯，皱；破碎，拆散，挖出,11,,
2232,~rupt~,break；破裂,18,3,
2233,~rur~,country；乡下,1,,
2234,~rust~,n.铁锈v.(使)生锈乡村,20,3,
2235,~rus~,country；乡下,46,3,
2236,~sab~,刀；割断，使分离,14,3,
2237,~sacchar~,sugar（糖）,2,,
2238,~sacr~,holy；神圣的,8,,
2239,~saf~,安全，整，救助,9,,
2240,~sag~,v.松弛，下陷，下垂聪明，知道；品尝,19,3,
2241,~saint~,神圣的,2,,
2242,~sak~,找出,3,,
2243,~salub~,health健全，健康,1,,
2244,~salut~,health健全，健康,4,,
2245,~salu~,安全，健全的,5,,
2246,~salv~,表示“救助”,4,,
2247,~sal~,saltr；n. 婆罗双树，盐盐；跳；健全的,62,3,
2248,~sam~,同，一，相似,5,,
2249,~sanat~,taste（味道）,1,,
2250,~sanct~,神圣的,5,,
2251,~sanc~,神圣的,13,3,
2252,~sanguin~,血,2,,
2253,~sangui~,血,2,,
2254,~sangu~,血,2,,
2255,~sanit~,"表示“健康的”""",5,,
2256,~san~,健全的,53,3,
2257,~sap~,n.树液，体液，活力，坑道聪明；品尝；知道,15,3,
2258,~sarco~,肉,0,,
2259,~sarc~,肉,2,,
2260,~satis~,enough；充满的,7,3,
2261,~sati~,"enough；表示“足够，饱足”""",31,3,
2262,~satur~,"enough；表示“足够，饱足”""",6,,
2263,~sat~,sit的过去式充满的；满足,47,3,
2264,~sauc~,盐；味道,3,,
2265,~saul~,跳,1,,
2266,~saur~,蜥蜴,3,,
2267,~sav~,安全，整，救助,11,,
2268,~scal~,爬；攀登；切，分,12,3,
2269,~scan~,vt. 浏览；细看；反复察看爬；攀登,7,,
2270,~scap~,切割，刮，劈，砍，挖,6,3,
2271,~scend~,n.波浪的推动力爬；攀登,12,3,
2272,~scens~,爬,0,,
2273,~scent~,n. 气味，香味爬,19,3,
2274,~scen~,老,47,3,
2275,~schis~,裂开，劈开,2,,
2276,~schiz~,裂开，劈开,0,,
2277,~schol~,学,4,,
2278,~sch~,切割；保持，抓，暂停,23,3,
2279,~scien~,知道,9,,
2280,~scind~,切割cut,1,,
2281,~scintill~,火花,1,,
2282,~scis~,切割cut,6,,
2283,~sci~,to know；知道,41,3,
2284,~sclero~,硬,0,,
2285,~scler~,stiff硬；巩膜,0,,
2286,~scoi~,同伴，社会；联想,0,,
2287,~scope~,n. 范围，广度，机会看,11,3,
2288,~scop~,n. 吟游诗人看,15,3,
2289,~scor~,切割，刻,10,3,
2290,~scrap~,n.小片，碎片 vt.废弃cut切，割,5,,
2291,~scribe~,书法家v. 划线写,9,,
2292,~scrib~,write；写,10,,
2293,~script~,n. 脚本；手迹写,17,3,
2294,~scrip~,write,17,,
2295,~scrut~,检查，调查,4,,
2296,~scue~,安全；脱出，拉开,1,,
2297,~sculp~,雕刻；切开,4,,
2298,~scul~,切分,11,,
2299,~scur~,遮盖,6,,
2300,~scut~,n. 短尾，可鄙的家伙盾,3,,
2301,~sc~,准切；看,366,,
2302,~secr~,神,8,,
2303,~sect~,cut；n. 宗派，教派；学派，党派切割,11,,
2304,~secut~,跟随,6,,
2305,~secu~,follow；跟随,12,,
2306,~sec~,adj. 无甜味的跟随；切割,38,,
2307,~sed~,坐；分开，离开，独,38,,
2308,~segn~,标记，记号,0,,
2309,~seg~,表示切，割,4,,
2310,~selen~,月亮,1,,
2311,~sel~,取，抓,56,,
2312,~sembl~,类似的；相同的,8,,
2313,~semei~,symptom症状，符号,0,,
2314,~semin~,种子,4,,
2315,~sem~,同，一，相似,32,,
2316,~sence~,存在,4,,
2317,~sens~,feel；感觉到,25,,
2318,~sent~,feel；v. 送，寄出 vbl. 送，寄出感觉；存在,37,,
2319,~sen~,n. 钱； 仙老的；存在,86,,
2320,~seps~,腐烂,0,,
2321,~sept~,n. 氏族,4,,
2322,~sequ~,follow；跟随,17,,
2323,~serf~,n. 农奴，奴隶serve，slave服侍，服务，奴,1,,
2324,~seric~,丝绸；产丝绸的地方,0,,
2325,~serr~,表示“锯子”,3,,
2326,~sert~,加入，插入，连接，安排；服务，奴隶,13,,
2327,~serv~,服务；保存,31,,
2328,~ser~,连接，安排,88,3,
2329,~sess~,sit；【法】 税，税率坐,16,3,
2330,~ses~,六,25,,
2331,~set~,纯粹的,27,,
2332,~sever~,vt. 割断，断绝；分开诚恳,7,,
2333,~sev~,刀；割断，使分离,12,3,
2334,~shad~,n. 西鲱遮光，阴暗,6,,
2335,~shak~,摇，搅，迅速，移动,2,,
2336,~shap~,切割，刮，劈，砍，挖,8,,
2337,~shar~,切割,9,,
2338,~shav~,切割，刮，劈，砍，挖,3,,
2339,~shel~,切分,9,,
2340,~shor~,切割,17,3,
2341,~shov~,推,2,,
2342,~sibil~,hiss（咝咝声）,7,,
2343,~sicc~,干燥,3,,
2344,~sider~,星星，考虑，关心，认为,11,,
2345,~sid~,sit；坐,58,,
2346,~siev~,倒，筛，滴,1,,
2347,~sie~,坐,7,,
2348,~sif~,倒，筛，滴,13,,
2349,~signi~,记号，符号,5,,
2350,~sign~,v.签名记号,24,,
2351,~sig~,跟随；记号，信号,35,,
2352,~silic~,硅；打火石,4,,
2353,~silv~,森林；银,4,,
2354,~sil~,跳；安全，整，救助,33,3,
2355,~simil~,类似的；相同的,10,3,
2356,~simpl~,单,7,3,
2357,~simul~,相似，相同,5,3,
2358,~sim~,单一；一个接一个；相似,33,3,
2359,~sing~,vi. 唱歌；歌颂单,27,3,
2360,~sinic~,中国,0,,
2361,~sinu~,弯曲,2,,
2362,~sip~,n. 抿；小口喝；vi. 啜饮喝，吸；聪明；品尝,6,3,
2363,~sist~,stand；站,26,3,
2364,~sito~,食物,6,,
2365,~sit~,v.坐，坐，走，放；坐,88,,
2366,~si~,停止，安顿，安静,750,3,
2367,~skept~,看，观察,2,,
2368,~skep~,n. 篮子，蜂箱看，想,2,,
2369,~skir~,切割,5,,
2370,~sk~,看，切，保持，抓，暂停；光滑,82,3,
2371,~slav~,服务，保护，保存,5,,
2372,~sla~,敲击；杀死,37,3,
2373,~sleev~,滑,1,,
2374,~sli~,滑,27,,
2375,~slout~,loosen松开，解开,0,,
2376,~slo~,慢的；迟钝的,20,,
2377,~sl~,松慢；细长；滑,165,,
2378,~smok~,烟,4,,
2379,~snak~,爬行,2,,
2380,~snor~,呼吸,1,,
2381,~sn~,鼻子，咬,53,,
2382,~socio~,社会，团体,3,,
2383,~soci~,"连接；表示""同伴""，引申为""社会""""",20,3,
2384,~soc~,"表示""同伴""，引申为""社会""""；跟随",25,,
2385,~solid~,n. 固体a. 坚硬的牢固firm，whole,8,,
2386,~solut~,松开,10,,
2387,~solu~,松开,12,,
2388,~solv~,松开,8,,
2389,~sol~,alone；单独的；太阳；解,59,3,
2390,~somat~,体，躯体,1,,
2391,~somno~,sleep睡眠,1,,
2392,~somn~,睡,2,,
2393,~som~,身体；同，一，相似,46,,
2394,~son~,sound；n.儿子声音,68,,
2395,~soph~,wise；wisdom；聪明的；智慧,13,,
2396,~soror~,姐妹,0,,
2397,~sorpt~,吸收,1,,
2398,~sort~,vt. 将事物分类；整理连接，安排；种类，出现,7,,
2399,~sor~,疼痛，病,50,,
2400,~spair~,希望,1,,
2401,~spars~,散，撒，分,2,,
2402,~spa~,n.矿泉，温泉浴场，繁荣，希望，旺盛，伸,46,,
2403,~speci~,"表示“外观，种类”""",20,,
2404,~spectr~,光谱,3,,
2405,~spect~,看,30,,
2406,~specul~,look看,4,,
2407,~spec~,look；n. 投机，投机事业，规格看，外观，种类,57,,
2408,~spermat~,sperm精子，精液,0,,
2409,~spers~,to sprinkle；散，撒，分,5,,
2410,~sper~,hope；繁荣，希望，旺盛，伸,15,,
2411,~spe~,繁荣，希望，旺盛，伸,106,,
2412,~sphere~,n. 球； 球形球,12,,
2413,~spher~,球,17,,
2414,~sphygm~,sphygmus脉博,0,,
2415,~spic~,看,15,,
2416,~spin~,vi. 旋转；纺纱；吐丝；晕眩刺,11,,
2417,~spirat~,呼吸,7,,
2418,~spir~,breath；呼吸,22,,
2419,~spi~,看,68,,
2420,~splend~,发光,3,,
2421,~splen~,【医】 脾,3,,
2422,~spl~,喷开、裂开,19,,
2423,~spond~,保证；答应，约定,8,,
2424,~spong~,海绵,2,,
2425,~sponse~,保证,1,,
2426,~spons~,"表示“承诺”""",8,,
2427,~spon~,承诺,21,,
2428,~spor~,spore孢子,11,,
2429,~spous~,保证，约定,3,,
2430,~spri~,精神,9,,
2431,~spr~,喷洒，散射,23,,
2432,~sp~,看；嘴,375,,
2433,~squ~,挤压,33,,
2434,~stab~,n. 刺，伤心站,12,,
2435,~stagn~,stand站立,2,,
2436,~stag~,a. 只准男子参加的；n. 牡鹿stand站立,16,,
2437,~stak~,钉，杆，棒,5,,
2438,~stall~,n. 货摊；畜栏站；放,9,,
2439,~stal~,站,23,,
2440,~stam~,站；阻止,5,,
2441,~stand~,n. 站立； 停止； 立定站,18,,
2442,~stann~,stannum锡,0,,
2443,~stant~,站,21,,
2444,~stan~,站,51,,
2445,~stas~,站,6,,
2446,~state~,n. 状况，状态； 形势说,18,,
2447,~stat~,【电】 静站,45,,
2448,~sta~,stand；站,211,,
2449,~stead~,n. 代替； 用处站,7,,
2450,~stell~,星星,3,,
2451,~steno~,n. 速记员，速记，速记法狭小,0,,
2452,~sten~,narrow，little狭窄，少,34,,
2453,~stereo~,n.立体声收音机固体的；立体的,3,,
2454,~stern~,a.严厉的，严格的胸(骨)；僵硬的,10,,
2455,~stetho~,chest（胸）,1,,
2456,~ste~,推，敲，打，突出,197,,
2457,~stif~,压缩，紧密，硬,12,,
2458,~stige~,舞台,2,,
2459,~stigm~,表示“标志，斑点”,3,,
2460,~stig~,发恶臭,13,,
2461,~still~,adv.还是；还；仍然滴下,6,,
2462,~stil~,drop滴,13,,
2463,~stimul~,表示”刺，刺激“,4,,
2464,~stim~,刺,15,,
2465,~stinct~,刺,10,,
2466,~sting~,n. 刺痛；讽刺，刺激 刺,17,,
2467,~stin~,"表示“站，立”""",44,,
2468,~stip~,一起按压,4,,
2469,~stirain~,表示“拉紧”,0,,
2470,~stitute~,固定的，不动的，静止的；建立,5,,
2471,~stitut~,表示”建立，放“,12,,
2472,~stitu~,place，establish放，建立,16,,
2473,~stit~,站,21,,
2474,~sti~,剌，尖,247,,
2475,~stomat~,mouth口,0,,
2476,~stom~,嘴,9,,
2477,~ston~,压缩，紧密，硬,23,,
2478,~stor~,站,40,,
2479,~stov~,堆垛，藏,1,,
2480,~sto~,推，敲，打，突出,110,,
2481,~strain~,vi.尽力，使劲拉紧,6,,
2482,~strang~,拉紧,5,,
2483,~strato~,层云；延伸；扩张,3,,
2484,~strat~,表示“扩散”，引申为“层次”,27,,
2485,~strea~,流,7,,
2486,~streng~,拉，拉紧，压，击打；强壮的,2,,
2487,~stren~,严格的；僵硬的rigid,3,,
2488,~strept~,铰链,1,,
2489,~stress~,v. 加压力于；使紧张拉紧,6,,
2490,~strict~,adj. 严格的；绝对的拉,10,,
2491,~strid~,stride的过去分词contend竞争,4,,
2492,~strif~,contend竞争,1,,
2493,~strik~,拉，拉紧，压，击打,3,,
2494,~string~,n.线；细绳拉紧,5,,
2495,~striv~,contend竞争,1,,
2496,~strophe~,n. 希腊歌队唱的歌，诗节转动,2,,
2497,~stroph~,转动,4,,
2498,~struct~,建造；堆积,20,,
2499,~stru~,建造；堆积,32,,
2500,~stry~,建造,10,,
2501,~str~,拉扯，拉紧，扯紧,217,,
2502,~stup~,笨，麻木,4,,
2503,~stu~,推，敲，打，突出,44,,
2504,~stylo~,尖(头)的，茎突,0,,
2505,~styl~,文体，风格，式样；尖（头）的，茎突,7,,
2506,~st~,站,1412,,
2507,~suade~,甜，愉快；劝告,2,,
2508,~suad~,甜，愉快；劝告,2,,
2509,~suas~,甜，愉快；劝告,4,,
2510,~suav~,甜，愉快；劝告,1,,
2511,~sua~,劝告,19,,
2512,~succ~,juice（果汁）,15,,
2513,~sud~,sweat（汗）,2,,
2514,~sue~,follow；vt.控告，向...请求，请愿，跟随,7,,
2515,~sui~,自已，自我,9,,
2516,~sulf~,硫代，磺基,5,,
2517,~sulph~,硫代，磺基,1,,
2518,~sult~,跳,9,,
2519,~sul~,取，抓；跳,29,,
2520,~sume~,拿,7,,
2521,~summ~,概要；最高的,11,,
2522,~sumptu~,expense（花费）,2,,
2523,~sumpt~,拿，取,6,,
2524,~sump~,n. 污水坑，池，水坑拿，取,6,,
2525,~sum~,n.总数，和，金额,30,,
2526,~supr~,上,3,,
2527,~surge~,vi 汹涌，澎湃上升；起立,8,,
2528,~surg~,表示“升起”,9,,
2529,~surrect~,上升；起立,3,,
2530,~sur~,n. 氏族,82,,
2531,~swall~,吃，喝,1,,
2532,~swer~,说,3,,
2533,~swif~,快速移动,3,,
2534,~sw~,摇摆,53,,
2535,~sylv~,森林,1,,
2536,~syst~,组织，系统,10,,
2537,~tabl~,板，桌子,68,,
2538,~tabul~,plank（平板）,1,,
2539,~tacho~,speed快速，速度,0,,
2540,~tachy~,speed快速，速度,0,,
2541,~tach~,n. 环； 扣连接；钉，杆，棒,8,,
2542,~tact~,touch；n.机智，手法，老练，角觉接触,8,,
2543,~tac~,沉默的,35,,
2544,~tag~,touch；n. 牌子； 标签； 短句接触,44,,
2545,~tail~,to cut；n. 尾巴；踪迹；辫子；燕尾服裁剪；切割,10,,
2546,~tain~,hold；握，持，守；伸，拉,39,,
2547,~tal~,携带，搬运，忍受，重量，钱；数，叙述，切割,125,,
2548,~tamin~,n. 塔明有光薄呢接触,4,,
2549,~tam~,统治，家，屋，驯服,19,,
2550,~tang~,n. 强烈味道，特殊的气味，特性接触,15,,
2551,~taph~,tomb（墓）,5,,
2552,~tap~,n.龙头，顶尖,18,3,
2553,~tard~,表示“慢”,6,,
2554,~tauto~,same（相同）,1,,
2555,~tax~,vt.增添…负担 n.税排列,9,,
2556,~tea~,n. 茶，茶叶拉；拽；扯,30,,
2557,~techno~,【计】 技术艺术；技巧,5,,
2558,~techn~,艺术；技巧,10,,
2559,~tech~,art；skill,11,,
2560,~tect~,to cover；覆盖,15,,
2561,~tegr~,接触；完整,6,,
2562,~teg~,n. 两岁的羊覆盖,13,,
2563,~tele~,n. 电视远,19,3,
2564,~telo~,末端；远，电视，电报，电信，传真,1,,
2565,~tel~,再数，数，叙述，切割；目的，末端；远,84,,
2566,~temn~,表示“藐视”,0,,
2567,~temper~,moderater；n.恶劣的心情，心绪焦躁适度的,9,,
2568,~templ~,tmple（庙）,4,,
2569,~tempor~,time；时间；时代,7,,
2570,~tempo~,n. 速度，拍子时间,8,3,
2571,~tempt~,to try；vt.引诱藐视；尝试,7,,
2572,~tem~,时间,55,3,
2573,~tend~,stretch；vt. 照料，照顾；护理伸展,19,3,
2574,~tens~,stretch；伸展,19,,
2575,~tent~,stretch；n.帐篷尝试；伸展,60,,
2576,~tenu~,薄的,5,,
2577,~ten~,num.十使保持；维持；抓；薄,181,3,
2578,~tep~,slightwarmth微温,8,,
2579,~tera~,万亿,33,,
2580,~terg~,背部,3,,
2581,~termin~,to limit；表示“界限”,19,3,
2582,~term~,to limit；n.学期，期限，期间，条款边界；限制,33,3,
2583,~terra~,n. 地； 土地地； 土地,5,,
2584,~terri~,fear,7,,
2585,~terr~,地球；土地；使惊吓,25,,
2586,~ter~,earth；ground,525,3,
2587,~test~,n. 试验；检验证明；试验,20,,
2588,~text~,to weave；n.课文；课本；vt.发短信编织,8,,
2589,~thef~,偷,1,,
2590,~theo~,god；神,9,,
2591,~therap~,cure治疗，疗法,3,,
2592,~thermo~,warm；热，温,5,,
2593,~therm~,warm,17,,
2594,~thesis~,n. 论题，论文放,5,,
2595,~thes~,放,13,,
2596,~thet~,放,13,,
2597,~the~,god；这(那)；这(那)些神,175,3,
2598,~thir~,干，地,8,,
2599,~thrif~,抓,3,,
2600,~thriv~,抓,1,,
2601,~throne~,n. 王座；君主；王权座位,2,,
2602,~thr~,通过，穿过，征服,53,3,
2603,~thum~,膨胀，鼓,4,,
2604,~thund~,声音,3,,
2605,~thun~,打雷,3,,
2606,~thusi~,上帝，神,4,,
2607,~tic~,n. 痉挛形容词后缀,323,3,
2608,~tig~,接触,33,,
2609,~tim~,fear；蒂姆（男名）(A10)恐怖，怕,77,,
2610,~tinct~,n. 色彩；颜色容纳；刺,12,,
2611,~tind~,棍，柴；堆，垛,1,,
2612,~ting~,接触,69,,
2613,~tinu~,持续，拿住,11,,
2614,~tin~,n. 锡；罐头，罐；马口铁使保持；维持,152,3,
2615,~tip~,n. 小费；尖端 vi. 给小费，顶尖,16,,
2616,~tire~,vi. 疲劳；厌倦拉回,10,,
2617,~tir~,缺乏，缺少；拉回,18,,
2618,~tla~,携带，搬运，忍受，重量，钱,7,,
2619,~toler~,表示“容忍”,6,,
2620,~tol~,携带，搬运，忍受，重量，钱,22,,
2621,~tom~,汤姆（男名）切割,38,,
2622,~tongu~,舌头，语言，舔,1,,
2623,~ton~,tone；n. 吨；很多，大量语调；声音,73,,
2624,~top~,n. 顶部，顶端 地点,24,,
2625,~torm~,沉重的咚咚声；痛苦,5,,
2626,~torn~,tear的过去分词转；扭,2,,
2627,~torp~,numb（麻木）,3,,
2628,~torr~,干，地,3,,
2629,~tors~,转；扭,3,,
2630,~tort~,twist；turn；n. 民事侵权行为扭曲,10,,
2631,~tor~,n.石山，突岩；毫巴转；扭,256,,
2632,~tot~,n. 小孩，少量，合计完全地，彻底地,12,,
2633,~tourn~,表示“转，环绕”,2,,
2634,~tour~,n. 旅游，旅行；巡回演出转,8,,
2635,~tox~,poison；【医】 毒毒药,5,,
2636,~tract~,draw；n.(美)地产；住房开发区拉；画,30,,
2637,~trac~,抽，拉引，拖,38,,
2638,~trad~,跑，走，踩,15,,
2639,~trai~,拉曳,24,,
2640,~tran~,通过，穿过，征服；横过,59,,
2641,~treat~,n.宴请，款待，请客抽，拉引，拖，处理,8,,
2642,~tremb~,抖，颤,1,,
2643,~trem~,颤，恐惧,9,,
2644,~trench~,n. 渠，沟渠，战壕切割cut,5,,
2645,~trepid~,trembling（颤抖）,2,,
2646,~trep~,恐惧fear,7,,
2647,~tre~,贡献，分配,90,,
2648,~tribute~,give,4,,
2649,~tribut~,表示“给予”,13,3,
2650,~trib~,给予,19,,
2651,~trict~,拉扯、 拉紧,10,,
2652,~tric~,琐碎,55,,
2653,~triev~,转,2,,
2654,~trit~,磨,14,,
2655,~triv~,转,6,,
2656,~troph~,表示“营养”,6,,
2657,~trop~,转,15,,
2658,~trou~,转，动，乱,12,,
2659,~truct~,拖，拉；建立,20,,
2660,~trude~,push；推,5,,
2661,~trud~,刺，挤，榨，推，冲,6,,
2662,~truse~,push,1,,
2663,~trus~,插入；推,11,,
2664,~tru~,坚固，坚定，持续；坚固，坚定，持续,67,,
2665,~tr~,通过，穿过，征服,730,,
2666,~tub~,n. 桶，浴盆管子,12,,
2667,~tuit~,to look at；监护，看管，保护,8,,
2668,~tui~,n. 蜜雀，监护，看管,8,,
2669,~tum~,n. 当的一声肿胀,26,,
2670,~tun~,n.大酒桶声音；伸，拉,23,,
2671,~turb~,blend；turn；扰乱，搅动,9,,
2672,~turg~,swell；肿,1,,
2673,~turm~,混乱,2,,
2674,~turn~,vt. 转动旋，转，磨，擦,15,,
2675,~tur~,转，动，乱,147,,
2676,~tus~,牙,15,,
2677,~tut~,to look at；interj. 啧啧(表示不赞成、责难)监护，看管,20,,
2678,~tw~,扭；二,46,,
2679,~typ~,模型,18,,
2680,~uber~,n. 乳房；fruitful（果实）,8,,
2681,~ubiqu~,到处,1,,
2682,~ucor~,wife（老婆）,0,,
2683,~uls~,"表示""收缩，撕开""",17,,
2684,~ultima~,adj. 最后的； 最远的最后的,4,,
2685,~ultim~,最后的,4,,
2686,~ult~,"表示""收缩，撕开""",78,,
2687,~ul~,成长，生长，滋养,516,,
2688,~umbr~,shadow；阴影,4,,
2689,~umb~,子宫,36,,
2690,~ump~,n. 裁判员vi. 当裁判；隆起,36,,
2691,~und~,水，湿，水波，大量,161,,
2692,~un~,联合国一,713,,
2693,~uran~,铀，天,6,,
2694,~urb~,city；城市,24,,
2695,~urgy~,technology；工艺,2,,
2696,~urg~,推，驱使，追踪,29,,
2697,~urin~,表示“尿”,9,,
2698,~urs~,熊,38,,
2699,~ur~,尿,647,,
2700,~usu~,使用,6,,
2701,~us~,to use；我们(宾格)使用,827,,
2702,~uter~,子宫,8,,
2703,~util~,用,9,,
2704,~uti~,【法】 使用，为特定目的的而使用使用,67,,
2705,~utop~,空想,3,,
2706,~ut~,to use；用,396,,
2707,~vaccin~,【医】 菌苗，疫苗牛痘,2,,
2708,~vacc~,母牛,2,,
2709,~vacu~,空的,5,,
2710,~vac~,void；empty；n. 休假，真空吸尘器空的,16,,
2711,~vade~,行走,4,,
2712,~vad~,to go；行走,6,,
2713,~vagr~,表示“漫游”,2,,
2714,~vag~,走,17,,
2715,~vail~,v. 放下； 有利于强壮的；强大，力量，价值,7,,
2716,~vale~,n.山谷；溪谷；farewell（再见）,11,,
2717,~vali~,强壮的；有价值的,8,,
2718,~valu~,强壮的；有价值的,7,,
2719,~valv~,门,1,,
2720,~val~,强壮的；强大，力量，价值,54,,
2721,~vance~,在先,6,,
2722,~vant~,前,13,,
2723,~van~,n. 先锋；厢式货车空的；前,32,,
2724,~vap~,蒸汽,8,,
2725,~varic~,静脉曲张；观望,4,,
2726,~vari~,不同的；变化,18,,
2727,~var~,change；不同的；变化,23,,
2728,~vascul~,管，脉管，血管,1,,
2729,~vaso~,管，脉管，血管,0,,
2730,~vas~,to go；【医】 管，脉管走，漫游,14,,
2731,~veal~,n. 小牛肉vt. 宰小牛面纱，织网,4,,
2732,~vect~,运送；传达,3,,
2733,~veget~,植物,6,,
2734,~veg~,注视，留心，活跃，强,7,,
2735,~veh~,运送；传达,2,,
2736,~veloc~,快速的，迅速的,1,,
2737,~velop~,包；裹；盖子,7,,
2738,~vel~,紧，固，约定；抓，撕，毛；转，滚，卷，弯,70,,
2739,~venge~,报仇,6,,
2740,~veng~,惩罚,6,,
2741,~ventr~,venter腹,2,,
2742,~vent~,n.总数，和，金额,40,,
2743,~ven~,come；来；走；发生,116,,
2744,~verb~,n.动词字；词,19,,
2745,~verd~,green（绿）,5,,
2746,~verg~,转；弯曲；倾向；倾斜,11,,
2747,~veri~,确定的；安全的,18,,
2748,~vermi~,虫,2,,
2749,~verm~,蠕虫,2,,
2750,~vers~,转移；改变；转向,56,,
2751,~verts~,turn,0,,
2752,~vert~,turn；n. 草木，绿色转移；改变；转向,38,,
2753,~ver~,to ensure；ver (Version) 版本，变化真实的；确实的；转,308,,
2754,~vesic~,裹，疮，泡,0,,
2755,~vestig~,脚印，踪迹,5,,
2756,~vest~,n. 背心；汗衫衣服；转,18,,
2757,~ves~,衣服,25,,
2758,~veter~,old（老）,3,,
2759,~vet~,n. 兽医老old,11,,
2760,~vey~,给；路,4,,
2761,~via~,prep.凭借；通过；经过，路；运送,31,,
2762,~vibr~,表示“摇摆”,5,,
2763,~vicin~,邻近,1,,
2764,~vicis~,改变，代替,2,,
2765,~vict~,to conquer；征服,7,,
2766,~vic~,改变，代替；宗族，家；分开，宽,24,,
2767,~vid~,view；see；看见；切,29,,
2768,~view~,view；see,9,,
2769,~vig~,life；快活的；有生气的,15,,
2770,~vill~,宗族，家,5,,
2771,~vil~,表示”卑劣“,26,,
2772,~vinc~,to conquer；征服，战斗,8,,
2773,~vind~,惩罚,3,,
2774,~vin~,酒，葡萄,38,,
2775,~viol~,n. 中世纪的六弦提琴暴力,10,,
2776,~virg~,女；子宫,3,,
2777,~viro~,virus；病毒,6,,
2778,~virt~,存在，生物，生命,7,,
2779,~viru~,virus；病毒,2,,
2780,~vir~,流，男人，强,21,,
2781,~viscer~,viscera内脏,3,,
2782,~visc~,n. 电视远,6,,
2783,~visuo~,看见,0,,
2784,~vis~,view；see；【医】 力看见；切,53,,
2785,~vita~,n. 个人简历，生命生命，活,15,,
2786,~viti~,fault（错误）,2,,
2787,~vituper~,blame（责备）,2,,
2788,~vit~,生命，活,46,,
2789,~vivi~,生命，活,4,,
2790,~viv~,life；生命，活,12,,
2791,~vi~,【计】 vi文本编辑器路,339,,
2792,~voc~,to call；叫喊；声,25,,
2793,~voic~,说，叫，声音,2,,
2794,~void~,void；empty；n.空虚感空,7,,
2795,~voke~,声音，叫喊,6,,
2796,~vok~,to call；声音，叫喊,6,,
2797,~volcan~,火,3,,
2798,~volt~,n. 伏特； 环骑； 闪避卷，转,3,,
2799,~volunt~,表示“意志，意愿”,3,,
2800,~volut~,滚动；卷,6,,
2801,~volu~,to roll；滚，转,14,,
2802,~volve~,滚动；卷,5,,
2803,~volv~,to roll；滚，转,5,,
2804,~vol~,will；飞；意志；意志力；转,38,,
2805,~vorc~,转，弯,1,,
2806,~vort~,转变，改变,2,,
2807,~vor~,eat；吃,26,,
2808,~vot~,给,11,,
2809,~vouc~,喊叫；声音,1,,
2810,~vour~,吃，食,7,,
2811,~vow~,n. 誓约；说,5,,
2812,~voy~,路；看,5,,
2813,~vulcan~,n. 火和锻冶的神火,0,,
2814,~vulg~,人群，普通民众,2,,
2815,~vuln~,伤口,3,,
2816,~vulse~,采摘；拉出；拔出,1,,
2817,~vuls~,扯,3,,
2818,~vult~,收缩，撕开,1,,
2819,~vul~,抓，撕，受伤，拔毛，毛,11,,
2820,~wad~,n. 填料；块状软物 v.使…成一团，走,5,,
2821,~waiv~,挥去，漂送；放弃,1,,
2822,~wak~,注视，留心，活跃，强,5,,
2823,~wal~,转，滚，卷，弯,18,,
2824,~wan~,adj.病态的，暗淡的，无力的缺乏,14,,
2825,~ward~,n.病房；选区照顾，照料,36,,
2826,~ware~,n. 陶器，器皿；vt. 留心；小心注视,15,,
2827,~war~,n.战争 ；vi. 打仗，作战；对抗注意，保护,80,,
2828,~wat~,水，湿，水波,34,,
2829,~wav~,织，迅速移动，转,7,,
2830,~weav~,织，迅速移动，转,3,,
2831,~web~,网；网织品，织，迅速移动，转,2,,
2832,~wha~,多少，什么,8,,
2833,~whe~,多少，什么,23,,
2834,~whi~,多少，什么,28,,
2835,~whol~,完整，无损伤，健康,6,,
2836,~who~,谁，多少，什么,10,,
2837,~wid~,分开，切；分开，宽,9,,
2838,~wif~,织，迅速移动，转,5,,
2839,~wil~,智慧,26,,
2840,~wint~,水，湿，水波,3,,
2841,~wip~,织，迅速移动，转,2,,
2842,~wir~,旋，转，卷,6,,
2843,~wis~,看,18,,
2844,~wit~,知道，了解，智慧,23,,
2845,~wiz~,n.奇才，能手，行家智慧,3,,
2846,~wol~,抓，撕，受伤，拔毛，毛,2,,
2847,~wors~,战争，搞乱，混,5,,
2848,~wor~,男人，强,77,,
2849,~wr~,扭,41,,
2850,~xantho~,黄色,0,,
2851,~xanth~,黄色,0,,
2852,~xeno~,异,3,,
2853,~xen~,异,3,,
2854,~xero~,干燥,2,,
2855,~xer~,干燥,6,,
2856,~xipho~,剑,0,,
2857,~xiph~,剑,0,,
2858,~xylo~,木,0,,
2859,~xyl~,木,0,,
2860,~zinco~,锌,0,,
2861,~zon~,带,6,,
2862,~zoo~,"n.动物园，表示""动物""",4,,
2863,~zo~,动物,16,,
2864,~zyg~,轭，成对，接合,0,,
2865,~zym~,酵母，发酵,1,,
2866,~ability,n.能力；才能表示抽象名词,34,,
2867,~able,adj.能够；能表性质、大小状况、状貌,257,,
2868,~ably,adv. 巧妙地表副词，“能…地”,27,,
2869,~acal,用以构成的词仅用作形容词，＝-ac,0,,
2870,~ace,表示地点,41,,
2871,~aceous,表形容词，“具有…特征的”,5,,
2872,~acious,表形容词，“有特征的，多…的”,23,,
2873,~acity,表名词，“有…倾向”,11,,
2874,~acle,表名词，“…物品，状态”,9,,
2875,~acy,n.性质，状态；表名词，“性质，状态”,32,,
2876,~ade,n.果汁饮料表示抽象名词,45,,
2877,~ado,n. 忙乱构成名词，表示“人”，“物”,4,,
2878,~ae,用于动植物名称后构成动植物科名；构成复数,3,,
2879,~age,n.结果；状况；n. 年龄；时代；寿命表示抽象名词,118,,
2880,~ain,表示“人”,56,,
2881,~aire,n. 亚耳河（英国约克郡西部河流）表示“人”,3,,
2882,~al,n.结果；状况；adj.有…性质的；表示抽象名词,653,,
2883,~algia,用于构成名词，表示“痛”，“疼痛”,1,,
2884,~ality,表名词，“状态，性质”,32,,
2885,~amin,abbr. 最小声幅表“物质”,1,,
2886,~an,n.…人；一,234,,
2887,~ance,n.抽象状态；做；n. 状态；性质；情况表示抽象名词,118,,
2888,~ancy,n.抽象状态；做；表示抽象名词,18,,
2889,~and,conj. 和附在动词后构成名词，表示“对象”,69,,
2890,~ane,构成名词，表示“烷，烷属烃”,27,,
2891,~aneity,表名词，表示“性质，状态”,1,,
2892,~aneous,表形容词，表示“…有；…特征的”,5,,
2893,~ant,n.人；特质；adj.有…性质的；蚂蚁,195,,
2894,~apsis,n. 教堂东端之半圆室情况，状态：另见-sis,1,,
2895,~ar,adj.有…性质的；,137,,
2896,~ard,表示“人”,74,,
2897,~arian,构成形容词或名词,12,,
2898,~arious,构成形容词，表示“与…有关的”,8,,
2899,~arity,名词后缀，表示情况,15,,
2900,~arium,表名词，“地点，场所”,3,,
2901,~art,表示“人”；表示“人”,22,,
2902,~ary,adj.有…性质的；n. 氩表性质、大小状况、状貌,118,,
2903,~asm,表示抽象名词,3,,
2904,~ass,n. 屁股；驴子；蠢人表示抽象名词,24,,
2905,~ast,表名词，“…人，物”,38,,
2906,~astic,形容词后缀，表示“…的”,13,,
2907,~ate,v.导致；引发；adj.有…性质的；n.人；物；v.eat的过去式表示“人”,560,,
2908,~atic,表形容词，“有…性质的”,38,,
2909,~ation,n.行为；构成抽象名词，表示“动作”，“过程”等,457,,
2910,~ative,adj.有…特质的；表形容词.“有…倾向（性质）的”,64,,
2911,~ator,构成抽象名词，表示“做…动作的人”等,48,,
2912,~berg,n. 冰山山；村庄,2,,
2913,~cade,n. 杜松队伍，行列,7,,
2914,~ce,表示抽象名词,379,,
2915,~cel,表小称或“缩小”；表小称或“缩小”；表小称或“缩小”,3,,
2916,~cele,表示“腔”，“瘤”，“肿”，“膨出”，“疝”,0,,
2917,~cian,表示人的职业,12,,
2918,~cle,表小称或“缩小”,29,,
2919,~cul,耕种，培养,0,,
2920,~cule,表小称或“缩小”,3,,
2921,~cy,n.性质，状态；表示抽象名词,87,,
2922,~d,构成某些动词的过去式等,953,,
2923,~dom,n.领域；状况；表示抽象名词；,8,,
2924,~eal,形容词后缀，表示“似…的”,28,,
2925,~ean,形容词后缀，表示“如…的”,28,,
2926,~ed,联合国一；形容词后缀；,385,,
2927,~ee,表示“人”,40,,
2928,~een,构成名词，表示“可爱的人(或物)、小的人(或物)”,22,,
2929,~eer,adv.无论何时，曾经表示“人”,22,,
2930,~efy,等于fy，表示“…化”,5,,
2931,~el,进入某种状态，使成为表小称或缩小,103,,
2932,~ella,表小称或“缩小”,3,,
2933,~emia,表示“血液”,1,,
2934,~en,adj.有…性质的；v.导致；使变成；n. 半方，字母N,185,,
2935,~ence,n.抽象状态；做；用于形容词后构成名词，通常是代替-ent,112,,
2936,~ency,n.抽象状态；做；表示抽象名词，表示性质，状态，情况等,27,,
2937,~ene,名词后缀，表示“烯”类,16,,
2938,~enne,表名词，“女性”,2,,
2939,~ent,n.人；特质；adj.有…性质的；表性质、大小状况、状貌,422,,
2940,~eous,adj.有…特质的；和…相关；表形容词，“有…的”,35,,
2941,~ept,dj.聪明能干的表示“适应，能力”,8,,
2942,~er,n.人；物；名词后缀；动词后缀；形容词及副词后缀,887,,
2943,~erel,to use；用,2,,
2944,~erly,"形容词、副词后缀，表示“向…""",13,,
2945,~ern,表示方向；表示场所、地点,23,,
2946,~ery,名词后缀，表示地点、状态等,66,,
2947,~es,出自；超出；=ex构成复数,51,,
2948,~esce,动词后缀，表示“开始发生”，“开始成为”,4,,
2949,~escency,表示“开始、正在、逐渐形成某种状态”,0,,
2950,~escent,表示“开始、正在、逐渐形成某种状态”,13,,
2951,~ese,形容词兼名词后缀，表示某国的、某地的,7,,
2952,~esia,表示“疾病名称”,3,,
2953,~esis,表示“疾病名称及医学名词”等,7,,
2954,~esque,形容词后缀，表性质、大小状况、状貌,5,,
2955,~ess,表示“人”；表示“人”；表示“人”；表示“人”,233,,
2956,~est,用以构成形容词或副词的最高级；,56,,
2957,~et,表小称或“缩小”,158,,
2958,~ete,用以构成名词，表示“做…者”，“…的人”,17,,
2959,~eth,构成序数词；十分之一,3,,
2960,~etic,表形容词，“属于…的”,27,,
2961,~etta,名词后缀，表示“小称”,2,,
2962,~ette,名词后缀，表小、女性等,11,,
2963,~ety,构成抽象名词，表示性质、状态、情况,18,,
2964,~eur,表示“人”,8,,
2965,~faction,表示“形成”，“…化”,7,,
2966,~fication,表示“形成”，“…化”,26,,
2967,~fier,表名词，“人和物”，由-ify转化而来,2,,
2968,~fold,n.折，羊栏，折痕形容词及副词后缀,8,,
2969,~ful,n.adj.具有…的特质；adj.有…特质的；名词后缀，形容词后缀,73,,
2970,~fy,v.使…化；表示“做成”、“使…化”,69,,
2971,~herd,n. 兽群，畜群；放牧人表示“人”,2,,
2972,~hood,n. 头巾；覆盖；兜帽表示抽象名词,11,,
2973,~iac,表性质、大小状况、状貌,2,,
2974,~ial,adj.有…性质的；表示属于...的、具有...的、有...性质的,117,,
2975,~ian,n.…人；形容词后缀，名词后缀,95,,
2976,~iasis,表示“疾病名称”,0,,
2977,~iatry,名词后缀，表示医术,1,,
2978,~ibility,表示抽象名词,12,,
2979,~ible,adj.能够；形容词后缀，表示“可...的”等,76,,
2980,~ibly,表示“可…地”，“能…地”：,7,,
2981,~ic,adj.…的；n.学科；形容词后缀，名词后缀,383,,
2982,~ical,adj.有…性质的；形容词后缀,127,,
2983,~ice,n.行动；状态；冰表示抽象名词,48,,
2984,~icity,"名词后缀，表示“性质”，“状态”，“程度""",16,,
2985,~ics,n.学科；表示抽象名词,33,,
2986,~icular,形容词后缀，表示“…的”,4,,
2987,~id,n.(identity的缩写)身份(证)形容词后缀,91,,
2988,~idae,名词后缀，表示“…科”,0,,
2989,~ide,表示化合物；表示化合物；表示化合物；表示化合物,72,,
2990,~idity,名词后缀，表示“状态”,11,,
2991,~ie,名词后缀，表示小称等,27,,
2992,~iency,表名词，ence的变体,6,,
2993,~ient,adj.有…性质的；形容词后缀,40,,
2994,~ier,表示“人”,25,,
2995,~ies,名词后缀，形容词后缀,10,,
2996,~iest,形容词或副词的最高级,1,,
2997,~ific,表形容词，“产生…的”,9,,
2998,~ification,表名词，由ific变化而来,26,,
2999,~ify,v.使…化；表示“做成”、“使…化”,57,,
3000,~iginous,形容词后缀，表示“患…病的”,0,,
3001,~igo,表示“疾病名称”,2,,
3002,~ile,adj.有…特质的；形容词后缀，名词后缀,65,,
3003,~ility,名词后缀，表示“性质”,64,,
3004,~in,在…里面,149,,
3005,~ine,形容词后缀；名词后缀,129,,
3006,~ing,n.物；做；名词后缀；形容词后缀；构成介词,408,,
3007,~ion,n.状态；行动；n.离子表示抽象名词,865,,
3008,~ior,名词后缀；形容词后缀,13,,
3009,~ious,adj.有…特质的；和…相关；富含....的，具有…性质的,155,,
3010,~ique,表示抽象名词,8,,
3011,~ise,动词后缀，同-ize,75,,
3012,~ish,adj.有…特质的；形容词后缀；动词后缀,114,,
3013,~ism,n.主义；n. 主义，学说，制度名词后缀，表示主义等,103,,
3014,~ist,n.…家；表示“人”,139,,
3015,~ister,名词后缀，表示“人”,11,,
3016,~istic,表形容词，由-ist+ic构成，表示“…的”,28,,
3017,~istical,形容词后缀，表示“…论的”,2,,
3018,~ite,n.具有…性质的人；物；名词后缀；形容词后缀；动词后缀；,67,,
3019,~itic,形容词后缀，表示“似…的”,8,,
3020,~ition,表抽象名词，“行为过程，状态”,61,,
3021,~itious,表形容词，-ition变化而来，表示“…的”,10,,
3022,~itive,adj.有…特质的；表形容词，“…的”,18,,
3023,~itor,表名词，“人”,12,,
3024,~itous,形容词后缀，表示“属于…的”,11,,
3025,~itude,表示抽象名词,29,,
3026,~ity,n.状态；性质；表示抽象名词,308,,
3027,~ium,表示抽象名词,44,,
3028,~ive,n.具有…性质的人；adj.有…特质的；形容词后缀；名词后缀,255,,
3029,~ivity,n.状态；性质；表名词，由-ive+ity组成，“有…能力或特性”,15,,
3030,~ization,表名词，来自-ize+ation，'…化'或'发展过程',48,,
3031,~ize,v.导致；引发；表示“使成…状态”、“使…化”等,143,,
3032,~kin,n.亲戚，同族，血缘关系表小称或“缩小”,8,,
3033,~le,动词后缀；名词后缀,771,,
3034,~lence,"名词后缀，表示“性质”，“状态”，“程度""",12,,
3035,~lency,"名词后缀，表示“性质”，“状态”，“程度""",0,,
3036,~lepsy,发作,0,,
3037,~less,adj.没有；adj.(little的比较级)较小的起功能转换作用,66,,
3038,~let,诱使；表小称或“缩小”,33,,
3039,~like,vt.喜欢，希望，愿意表形容词，“像…一样”,19,,
3040,~ling,n. 鳕鱼名词后缀，表示“小”等,62,,
3041,~lock,n. 锁； 抱，夹由动词构成名词,10,,
3042,~logical,形容词后缀，表示“…学的”,20,,
3043,~long,表示方向；表示方向；表示方向；表示方向,7,,
3044,~ly,adv.…地；形容词后缀；副词后缀,630,,
3045,~man,表示“人”；表示“人”；表示“人”；表示“人”,49,,
3046,~meal,n. 膳食表示一次所取之量或部分,3,,
3047,~ment,n.行为；结果；手段；表示抽象名词；,162,,
3048,~metry,表示“测量(学)”，“度量(学)”，“测量法”,3,,
3049,~monger,n. 商人，贩子商人，常用以构成复合词,2,,
3050,~mony,构成名词，表示“结果”，“情况”，“状态”,8,,
3051,~most,adj.最多的，多数的形容词后缀,9,,
3052,~ness,n.状态；性质；n. 海角加在形容词之后，构成抽象名词,108,,
3053,~nomy,名词后缀，表示“学”,6,,
3054,~ock,表小称或“缩小”,23,,
3055,~oid,adj.有…性质的；被动；表示“像…的”，“似…的”,13,,
3056,~oidal,形容词后缀，表示“…形状的”,1,,
3057,~ology,n.学科；...学,45,,
3058,~on,n.…人；在…上面表示人、物；构成物理学名词,1033,,
3059,~one,n. 一； 一个人表示“酮”,55,,
3060,~oon,表名词，“人或物”,24,,
3061,~or,n.人；物；conj.或者，还是表示抽象名词,219,,
3062,~orium,名词后缀，表示“地方、器具、工具、手段”,3,,
3063,~ory,n.地点；表性质、大小状况、状貌,81,,
3064,~ose,adj.有…特质的；和…相关；表形容词，“多…的”,50,,
3065,~osis,构成名词,10,,
3066,~osity,表名词，ose+ity组成，表示“多…的状态”,9,,
3067,~otic,形容词后缀，表示“状态的、作用的、过程的”等,13,,
3068,~our,我们的表示抽象名词,34,,
3069,~ous,adj.有…特质的；和…相关；表性质、大小状况、状貌,382,,
3070,~phone,n.病房；选区照顾，照料,6,,
3071,~phoresis,表示“移动”，“传递”,0,,
3072,~plasma,名词后缀，表示“形状物”,1,,
3073,~pnea,名词后缀，表示“呼吸”,0,,
3074,~proof,n. 证据；证物；证明表示防...的，不透...的,6,,
3075,~ptosis,名词后缀，表示“下垂”,0,,
3076,~pulse,名词后缀，表示“推”,3,,
3077,~ress,表名词，指“女性”，指“物品”,34,,
3078,~rix,表示女性,1,,
3079,~ry,表总称或集合概念,363,,
3080,~s,副词后缀，表示时间、地点、方式、状态,1024,,
3081,~scape,n. 花茎； 羽轴； 触角根； 柱身景观,2,,
3082,~scopy,名词后缀，表示“看或观察的行为”,1,,
3083,~sh,"动词后缀，表示“拟声动作""等",173,,
3084,~ship,n.身份关系；动作；n. 船；舰；太空船表示抽象名词,34,,
3085,~sion,用以构成名词,114,,
3086,~sis,表示“过程”，“状态”，“动作”,34,,
3087,~sman,表示“人”,11,,
3088,~some,adj. 一些；某一；大约表性质、大小状况,26,,
3089,~sonde,名词后缀，表示“探测器”,0,,
3090,~ster,表示“人”,52,,
3091,~t,ed的异体，用于构成过去分词等,1873,,
3092,~teen,n. 青少年（等于teenager）表示数字,9,,
3093,~th,构成抽象名词，表示行为、性质、状态、情况,95,,
3094,~therapy,n. 治疗，疗法表示'治疗'的意思，构成复合语,1,,
3095,~tion,表示状态；表示结果；表示行为（构成名词）,716,,
3096,~tious,形容词后缀，表示“…的”，“有…性质的”,29,,
3097,~tron,名词后缀，表示“仪器、装置”等,5,,
3098,~tude,构成抽象名词，表示“性质”，“状态”,30,,
3099,~ture,n.结果；做,70,,
3100,~ty,n.状态；性质；表示抽象名词,410,,
3101,~ual,adj.有…性质的；形容词后缀，表示“...的”，与-al同,36,,
3102,~ular,表形容词，“有…形状或性质的”,34,,
3103,~ule,表小称或“缩小”,14,,
3104,~ulous,形容词后缀,16,,
3105,~um,interj.嗯表示地点,98,,
3106,~uous,表形容词，表示有...性质的，属于...的,34,,
3107,~ure,n.结果；做；构成抽象名词，表示行为、行为的结果、状态等,121,,
3108,~ute,表性质、大小状况、状貌,41,,
3109,~ward,adv.朝…方向；表示方向；,23,,
3110,~wards,表示方向,8,,
3111,~way,n.路表示方式,36,,
3112,~ways,副词后缀，有的兼作形容词后缀,2,,
3113,~wich,镇，村,1,,
3114,~wick,n. 灯芯，油绳镇，村,1,,
3115,~wise,adv.和…有关；…地；adj. 明智的；聪明的表示方式,7,,
3116,~wright,n. 建造者，制造者劳动者,2,,
3117,~y,表性质、大小状况、状貌,2169,,
3118,~yer,表示“人”,11,,
3119,~yl,名词后缀，【化学】表示：“基”，“根”,2,,
